id,time_utc,place,magnitude,depth_km,longitude,latitude,tsunami,felt_reports,significance
av94348953,2026-08-01T00:04:51.130000+00:00,"62 km NE of Nikolski, Alaska",1.03,2.74,-168.274,53.373,0,,16
ci40664474,2026-08-01T00:15:11.280000+00:00,"5 km SE of La Jolla, CA",1.87,13.05,-117.235666666667,32.8111666666667,0,,54
nc75409322,2026-08-01T00:21:25.450000+00:00,"7 km ESE of Cloverdale, CA",0.75,5.28,-122.950666666667,38.7735,0,,9
ci40664482,2026-08-01T00:27:24.080000+00:00,"10 km ENE of Ocotillo Wells, CA",1.2,4.74,-116.035833333333,33.1771666666667,0,,22
aka2026pbpprw,2026-08-01T00:29:04.548000+00:00,"21 km E of Eagle River, Alaska",1.9,25.4,-149.174,61.294,0,,56
aka2026pbpvou,2026-08-01T00:35:51.768000+00:00,"20 km NNW of Willow, Alaska",2.2,52.8,-150.174,61.924,0,1.0,75
us6000tile,2026-08-01T00:39:23.103000+00:00,South Sandwich Islands region,4.5,44.9,-25.4429,-57.2752,0,,312
pr71526888,2026-08-01T00:46:50.820000+00:00,"9 km SE of La Parguera, Puerto Rico",2.37,10.95,-66.9806666666667,17.9161666666667,0,,86
nc75409327,2026-08-01T00:49:43.560000+00:00,"9 km WNW of Cobb, CA",1.04,1.91999995708466,-122.824333190918,38.8398323059082,0,,17
ok2026oxkk,2026-08-01T00:53:25.550000+00:00,"7 km ENE of Chickasha, Oklahoma",0.87,8.86,-97.86,35.07683333,0,,12
tx2026ozftan,2026-08-01T00:54:06.872000+00:00,"13 km ESE of Stanton, Texas",0.9,8.0322,-101.654,32.085,0,,12
aka2026pbqlly,2026-08-01T00:54:11.267000+00:00,"32 km WNW of Susitna, Alaska",1.7,64.3,-151.056,61.676,0,,44
aka2026pbqmpx,2026-08-01T00:55:31.214000+00:00,"32 km S of Denali National Park, Alaska",2.5,5.0,-151.633,63.256,0,,96
tx2026ozgauj,2026-08-01T01:02:51.686000+00:00,"15 km ESE of Pearsall, Texas",1.7,7.8146,-98.947,28.843,0,,44
aka2026pbrfqf,2026-08-01T01:17:26.784000+00:00,"38 km NNE of Chenega, Alaska",1.5,25.2,-147.768,60.392,0,,35
us6000thdb,2026-08-01T01:24:09.688000+00:00,"164 km ENE of Tokār, Sudan",4.7,10.0,39.1938,18.9321,0,,340
us6000thdc,2026-08-01T01:29:36.477000+00:00,"195 km NW of Oula Xiuma, China",4.5,10.0,99.5171,35.4076,0,,312
tx2026ozhayo,2026-08-01T01:33:14.624000+00:00,"3 km E of Falls City, Texas",0.9,8.3523,-97.981,28.979,0,,12
av94349063,2026-08-01T01:35:10.630000+00:00,"61 km ENE of Pedro Bay, Alaska",-0.46,-2.48,-153.11,60.0141666666667,0,,0
nc75409342,2026-08-01T01:35:34.060000+00:00,"7 km NW of The Geysers, CA",1.05,2.34999990463257,-122.806335449219,38.8228340148926,0,,17
tx2026ozhdrx,2026-08-01T01:36:24.718000+00:00,"16 km SE of Pearsall, Texas",2.1,3.6942,-98.979,28.786,0,,68
av94349093,2026-08-01T01:46:15.100000+00:00,"62 km ENE of Pedro Bay, Alaska",-0.33,1.99,-153.101666666667,60.024,0,,0
aka2026pbspza,2026-08-01T01:59:22.438000+00:00,"37 km NW of Akhiok, Alaska",1.7,44.8,-154.684,57.138,0,,44
nc75409357,2026-08-01T02:01:16.370000+00:00,"25 km NW of McArthur, CA",1.65,7.01,-121.574,41.2328333333333,0,,42
aka2026pbssnl,2026-08-01T02:02:17.544000+00:00,"98 km S of McCarthy, Alaska",1.5,16.4,-142.645,60.564,0,,35
aka2026pbsunp,2026-08-01T02:04:36.039000+00:00,"91 km SW of Adak, Alaska",2.1,27.6,-177.527,51.266,0,,68
us6000thdg,2026-08-01T02:16:27.675000+00:00,"7 km SSE of Orosi, Costa Rica",4.3,10.0,-83.8285,9.7369,0,33.0,300
tx2026ozizoo,2026-08-01T02:31:57.712000+00:00,"13 km SE of Pearsall, Texas",1.8,7.6364,-98.984,28.816,0,,50
nc75409362,2026-08-01T02:32:25.030000+00:00,"13 km SE of Middletown, CA",1.24,6.22,-122.498166666667,38.685,0,,24
hv75011332,2026-08-01T02:40:33.260000+00:00,"14 km S of Volcano, Hawaii",1.54,5.88,-155.243333333333,19.311,0,,36
us6000tili,2026-08-01T02:42:39.840000+00:00,"51 km SSW of Sarangani, Philippines",4.5,35.0,125.2117,5.0135,0,,312
nc75409367,2026-08-01T02:47:29.510000+00:00,"35 km WNW of Petrolia, CA",2.18,23.6,-124.675,40.4233333333333,0,,73
us6000thdk,2026-08-01T02:48:00.535000+00:00,"63 km E of Mutsu, Japan",5.5,74.853,141.97,41.3318,0,7.0,468
nc75409372,2026-08-01T02:52:04.550000+00:00,"2 km ESE of The Geysers, CA",0.31,1.43,-122.738166666667,38.772,0,,1
aka2026pburke,2026-08-01T03:01:03.947000+00:00,"142 km S of Unalaska, Alaska",2.4,5.0,-166.619,52.593,0,,89
pr71526898,2026-08-01T03:06:50.490000+00:00,"6 km SSW of Indios, Puerto Rico",1.98,13.2,-66.8375,17.9338333333333,0,,60
av94349203,2026-08-01T03:08:26.350000+00:00,"62 km ENE of Pedro Bay, Alaska",-0.59,0.81,-153.115833333333,60.0451666666667,0,,0
aka2026pbvjyn,2026-08-01T03:22:27.813000+00:00,"26 km NNE of Beluga, Alaska",2.3,66.2,-150.88,61.354,0,1.0,81
us6000the7,2026-08-01T03:23:55.125000+00:00,"41 km NW of Te Anau, New Zealand",4.8,117.29,167.3487,-45.1468,0,12.0,359
aka2026pbvoew,2026-08-01T03:27:14.998000+00:00,"261 km W of Adak, Alaska",2.4,110.1,179.589,51.701,0,,89
tx2026ozkzgk,2026-08-01T03:32:04.035000+00:00,"20 km SW of Ackerly, Texas",0.5,8.8135,-101.894,32.416,0,,4
us6000thef,2026-08-01T03:42:50.743000+00:00,"34 km S of Daliao, Philippines",4.6,35.0,124.954,5.5448,0,4.0,327
aka2026pbwdsn,2026-08-01T03:45:06.978000+00:00,"28 km W of Four Mile Road, Alaska",2.2,15.9,-149.703,64.625,0,,74
aka2026pbwgoo,2026-08-01T03:48:36.079000+00:00,"29 km W of Four Mile Road, Alaska",2.4,15.9,-149.744,64.627,0,,89
aka2026pbwkuo,2026-08-01T03:53:18.935000+00:00,"37 km W of Four Mile Road, Alaska",1.9,11.4,-149.893,64.611,0,,56
aka2026pbwmny,2026-08-01T03:55:16.194000+00:00,"27 km W of Four Mile Road, Alaska",1.9,13.1,-149.704,64.618,0,,56
us6000tilj,2026-08-01T04:12:46.201000+00:00,"178 km NW of Panguna, Papua New Guinea",4.5,181.436,154.1739,-5.3776,0,,312
ci40664514,2026-08-01T04:20:03.220000+00:00,"10 km ENE of Ocotillo Wells, CA",0.73,7.72,-116.027333333333,33.1726666666667,0,,8
nc75409387,2026-08-01T04:25:15.210000+00:00,"3 km N of Redwood Valley, CA",1.29,6.18,-123.204333333333,39.29,0,,26
aka2026pbxotp,2026-08-01T04:27:53.104000+00:00,"55 km E of Denali National Park, Alaska",1.5,6.4,-150.613,63.541,0,,35
aka2026pbxrdo,2026-08-01T04:30:36.265000+00:00,"127 km S of Akhiok, Alaska",2.2,19.6,-154.351,55.807,0,,74
aka2026pbxrsl,2026-08-01T04:31:18.058000+00:00,"28 km W of Four Mile Road, Alaska",1.5,12.1,-149.722,64.625,0,,35
av94349328,2026-08-01T04:33:31.660000+00:00,"63 km ENE of Pedro Bay, Alaska",-0.48,-2.34,-153.069,60.0238333333333,0,,0
nc75409392,2026-08-01T04:33:32.360000+00:00,"7 km WSW of Gilroy, CA",1.22,5.26,-121.631,36.9753333333333,0,,23
tx2026ozngjc,2026-08-01T04:40:30.551000+00:00,"11 km SE of Pearsall, Texas",1.3,8.1805,-99.004,28.822,0,,26
aka2026pbydwn,2026-08-01T04:45:11.329000+00:00,"235 km ESE of Attu Station, Alaska",3.0,5.0,176.312,51.941,0,,138
us6000tifg,2026-08-01T04:45:17.782000+00:00,"110 km S of False Pass, Alaska",2.5,35.0,-163.4788,53.8609,0,,96
ci40664522,2026-08-01T04:45:53.770000+00:00,"5 km E of Anza, CA",0.66,12.01,-116.620833333333,33.5615,0,,7
us6000thej,2026-08-01T04:49:01.457000+00:00,"192 km SW of Port McNeill, Canada",5.6,10.0,-129.3017,49.604,0,12.0,486
us6000thel,2026-08-01T04:50:14.404000+00:00,south of the Fiji Islands,4.5,512.867,-179.7368,-23.6347,0,,312
us6000tift,2026-08-01T04:50:14.817000+00:00,"96 km NE of Atka, Alaska",3.1,207.897,-173.043,52.6966,0,,148
us6000tilk,2026-08-01T04:57:38.499000+00:00,"167 km SW of Port McNeill, Canada",4.2,10.0,-129.0355,49.7473,0,,271
av94349388,2026-08-01T04:58:11.610000+00:00,"150 km W of Adak, Alaska",0.31,11.71,-178.815333333333,51.776,0,,1
ci40664530,2026-08-01T05:01:57.320000+00:00,"17 km N of Borrego Springs, CA",1.02,11.98,-116.358166666667,33.4111666666667,0,,16
nc75409402,2026-08-01T05:09:45.150000+00:00,"10 km ESE of Willits, CA",1.8,5.58,-123.2475,39.3688333333333,0,,50
pr71526908,2026-08-01T05:09:48.270000+00:00,"73 km NNW of Charlotte Amalie, U.S. Virgin Islands",3.28,7.13,-65.072,18.9903333333333,0,,166
tx2026ozoiko,2026-08-01T05:13:04.950000+00:00,"15 km ESE of Pearsall, Texas",2.2,7.2307,-98.953,28.833,0,,74
nc75409407,2026-08-01T05:15:18.880000+00:00,"8 km ESE of Cloverdale, CA",1.29,6.44,-122.937166666667,38.7761666666667,0,,26
us6000tilm,2026-08-01T05:18:34.352000+00:00,southern Mid-Atlantic Ridge,4.6,10.0,-16.1054,-39.6346,0,,326
us6000tifw,2026-08-01T05:26:55.505000+00:00,"Rat Islands, Aleutian Islands, Alaska",3.2,76.548,178.9348,51.6563,0,,158
nc75409412,2026-08-01T05:29:08.300000+00:00,"5 km NNW of Redwood Valley, CA",1.25,1.53,-123.218833333333,39.307,0,,24
tx2026ozpgqq,2026-08-01T05:41:12.563000+00:00,"13 km SE of Pearsall, Texas",1.5,7.0465,-98.99,28.82,0,,35
aka2026pcagze,2026-08-01T05:48:46.140000+00:00,"104 km SSE of Akhiok, Alaska",2.4,27.5,-153.502,56.084,0,,89
aka2026pcaoke,2026-08-01T05:57:25.267000+00:00,"30 km W of Four Mile Road, Alaska",1.9,2.4,-149.753,64.641,0,,56
nc75409417,2026-08-01T05:58:00.130000+00:00,"7 km ESE of Cloverdale, CA",0.94,6.33,-122.942666666667,38.7766666666667,0,,14
us6000thev,2026-08-01T06:01:58.119000+00:00,"Volcano Islands, Japan region",4.4,35.0,142.5175,24.377,0,,298
nn00922676,2026-08-01T06:05:18.281000+00:00,"76 km ENE of Tonopah, Nevada",1.62,3.2888,-116.4954,38.4418,0,,40
ok2026oxuv,2026-08-01T06:08:57.960000+00:00,"5 km N of Stroud, Oklahoma",0.56,7.8,-96.65583333,35.79566667,0,,5
nc75409422,2026-08-01T06:23:56.420000+00:00,"31 km NE of Pinnacles, CA",1.48,1.9,-120.8725,36.7095,0,,34
tx2026ozquaa,2026-08-01T06:26:52.494000+00:00,"12 km SE of Pearsall, Texas",1.9,9.1072,-98.988,28.825,0,,56
uw714067651,2026-08-01T06:31:33.320000+00:00,"3 km N of Lyman, Washington",1.69,5.47,-122.055666666667,48.5566666666667,0,,44
ci40664538,2026-08-01T06:31:40.770000+00:00,"23 km N of Ridgecrest, CA",0.34,8.83,-117.659,35.8268333333333,0,,2
pr71526913,2026-08-01T06:39:04.460000+00:00,"109 km N of Suárez, Puerto Rico",3.3,25.84,-65.7055,19.4135,0,,168
us6000tilp,2026-08-01T06:40:31.594000+00:00,"10 km SSE of Tobelo, Indonesia",4.3,10.0,128.0415,1.6408,0,,284
us6000thex,2026-08-01T06:48:11.447000+00:00,"282 km SSW of Severo-Kuril’sk, Russia",4.4,35.0,154.7756,48.2913,0,,298
aka2026pcchks,2026-08-01T06:49:20.907000+00:00,"94 km SSW of Unalaska, Alaska",2.1,43.1,-166.926,53.057,0,,68
us6000tig0,2026-08-01T06:54:55.003000+00:00,"231 km ESE of Attu Station, Alaska",3.7,10.0,176.2784,51.9758,0,,211
aka2026pccshk,2026-08-01T07:01:53.922000+00:00,"77 km NW of Yakutat, Alaska",1.7,16.8,-140.722,60.026,0,,44
us6000they,2026-08-01T07:02:06.253000+00:00,"52 km NNE of Tokur, Russia",4.3,10.0,133.1672,53.5757,0,,284
av94349608,2026-08-01T07:02:30.420000+00:00,"86 km NW of Karluk, Alaska",0.49,1.57,-155.380666666667,58.1645,0,,4
nc75409432,2026-08-01T07:07:32+00:00,"8 km ESE of Cloverdale, CA",0.54,5.38,-122.935333333333,38.7768333333333,0,,4
tx2026ozsnqv,2026-08-01T07:19:53.496000+00:00,"14 km SE of Pearsall, Texas",1.2,3.4803,-98.972,28.813,0,,22
ci40664546,2026-08-01T07:23:39.450000+00:00,"2 km NNW of Frazier Park, CA",2.44,11.82,-118.955833333333,34.8421666666667,0,4.0,93
aka2026pcdnco,2026-08-01T07:25:53.459000+00:00,"82 km SSE of Atka, Alaska",2.4,5.0,-173.896,51.475,0,,89
ci40664554,2026-08-01T07:25:57.160000+00:00,"2 km NNW of Frazier Park, CA",1.42,11.81,-118.956,34.84,0,,31
ci40664562,2026-08-01T07:35:17.210000+00:00,"18 km WNW of Progreso, B.C., MX",1.44,5.74,-115.752166666667,32.6486666666667,0,,32
us6000tilq,2026-08-01T07:40:31.099000+00:00,"Volcano Islands, Japan region",4.4,54.0,142.6077,23.9985,0,,298
uu80146831,2026-08-01T07:44:51.920000+00:00,"25 km ENE of West Yellowstone, Montana",0.52,2.21,-110.803,44.7396666666667,0,,4
us6000thf3,2026-08-01T07:46:04.307000+00:00,south of the Fiji Islands,5.4,559.266,-179.0866,-22.3531,0,,449
ci40664570,2026-08-01T07:47:41.540000+00:00,"18 km WSW of Johannesburg, CA",1.2,9.27,-117.821666666667,35.3115,0,,22
us6000thf5,2026-08-01T07:50:45.823000+00:00,"34 km SW of Ollagüe, Chile",4.4,140.113,-68.482,-21.4476,0,,298
tx2026oztpqu,2026-08-01T07:52:21.461000+00:00,"11 km ESE of Pearsall, Texas",1.5,7.4565,-98.982,28.854,0,,35
aka2026pcelmg,2026-08-01T07:53:59.677000+00:00,"72 km SE of Adak, Alaska",2.0,27.9,-175.975,51.367,0,,62
nc75409447,2026-08-01T07:54:47.120000+00:00,"8 km ESE of Cloverdale, CA",0.92,5.6,-122.932,38.7786666666667,0,,13
nc75409452,2026-08-01T07:57:45.720000+00:00,"7 km ESE of Cloverdale, CA",3.67,6.69,-122.939666666667,38.7766666666667,0,190.0,283
nc75409457,2026-08-01T08:00:47.150000+00:00,"7 km ESE of Cloverdale, CA",0.96,6.64,-122.944166666667,38.7768333333333,0,,14
aka2026pcesoq,2026-08-01T08:02:10.966000+00:00,"64 km ENE of Pedro Bay, Alaska",0.4,5.0,-153.073,60.039,0,,2
ci40664578,2026-08-01T08:02:18.090000+00:00,"8 km SSE of Redlands, CA",0.83,10.49,-117.153166666667,33.9861666666667,0,,11
nc75409462,2026-08-01T08:02:37.940000+00:00,"8 km ESE of Cloverdale, CA",0.93,6.36,-122.936833333333,38.7771666666667,0,,13
us7000tc9a,2026-08-01T08:08:12.529000+00:00,"25 km S of Weston, Colorado",1.0,5.0,-104.838,36.8992,0,,15
aka2026pcezea,2026-08-01T08:09:47.121000+00:00,"2 km WNW of Kobuk, Alaska",2.2,7.7,-156.943,66.913,0,,74
nc75409467,2026-08-01T08:14:36.900000+00:00,"7 km ESE of Cloverdale, CA",0.7,5.08,-122.942333333333,38.777,0,,8
nc75409472,2026-08-01T08:14:55.970000+00:00,"7 km ESE of Cloverdale, CA",1.39,5.56,-122.949833333333,38.773,0,,30
nc75409477,2026-08-01T08:15:38.300000+00:00,"7 km ESE of Cloverdale, CA",1.17,5.97,-122.940833333333,38.776,0,,21
aka2026pcfeuy,2026-08-01T08:16:16.789000+00:00,"246 km WSW of Adak, Alaska",2.6,7.6,-179.907,51.025,0,,104
us6000thfh,2026-08-01T08:21:49.778000+00:00,"98 km WSW of Puerto Madero, Mexico",4.6,26.688,-93.2563,14.3653,0,,326
nc75409482,2026-08-01T08:23:10.670000+00:00,"7 km ESE of Cloverdale, CA",0.72,5.8,-122.941,38.779,0,,8
tx2026ozuswi,2026-08-01T08:26:16.798000+00:00,"13 km ESE of Pearsall, Texas",1.6,8.4591,-98.984,28.827,0,,39
nc75409487,2026-08-01T08:30:32.350000+00:00,"7 km ESE of Cloverdale, CA",0.97,6.21,-122.9505,38.7718333333333,0,,14
aka2026pcfrlf,2026-08-01T08:30:51.808000+00:00,"59 km SSW of Adak, Alaska",1.8,34.4,-177.039,51.401,0,,50
us6000tig5,2026-08-01T08:34:22.283000+00:00,"193 km SSE of Unalaska, Alaska",3.1,10.0,-165.9422,52.171,0,,148
nc75409492,2026-08-01T08:37:13.530000+00:00,"7 km ESE of Cloverdale, CA",0.96,5.6,-122.945833333333,38.7725,0,,14
nc75409497,2026-08-01T08:43:18.810000+00:00,"8 km ESE of Cloverdale, CA",0.9,5.26,-122.932166666667,38.7771666666667,0,,12
nc75409502,2026-08-01T08:47:14.260000+00:00,"7 km ESE of Cloverdale, CA",0.94,5.66,-122.9415,38.7763333333333,0,,14
aka2026pcgomb,2026-08-01T08:57:27.386000+00:00,"42 km N of Chickaloon, Alaska",1.5,35.3,-148.307,62.172,0,,35
nc75409507,2026-08-01T09:01:07.550000+00:00,"7 km ESE of Cloverdale, CA",0.92,6.0,-122.938666666667,38.7798333333333,0,,13
tx2026ozwbax,2026-08-01T09:05:56.667000+00:00,"15 km NE of Hermleigh, Texas",0.8,6.4209,-100.668,32.749,0,,10
tx2026ozwgjp,2026-08-01T09:12:06.489000+00:00,"13 km SE of Pearsall, Texas",2.3,8.1145,-98.986,28.818,0,,81
nc75409512,2026-08-01T09:16:28.050000+00:00,"7 km ESE of Cloverdale, CA",0.9,5.83,-122.9415,38.7765,0,,12
tx2026ozwmcl,2026-08-01T09:18:46.867000+00:00,"15 km NE of Hermleigh, Texas",1.1,7.3486,-100.662,32.747,0,,19
nc75409517,2026-08-01T09:22:14.850000+00:00,"7 km SE of Cloverdale, CA",0.66,6.51,-122.953333333333,38.7686666666667,0,,7
nc75409522,2026-08-01T09:22:29.580000+00:00,"7 km SE of Cloverdale, CA",1.25,5.51,-122.95,38.7696666666667,0,,24
uw714067681,2026-08-01T09:23:14.330000+00:00,"3 km ESE of Oak Harbor, Washington",1.42,24.23,-122.598166666667,48.2865,0,,31
nc75409527,2026-08-01T09:23:17.460000+00:00,"7 km SE of Cloverdale, CA",0.67,5.41,-122.953833333333,38.7723333333333,0,,7
tx2026ozwqyk,2026-08-01T09:24:24.013000+00:00,"15 km NE of Hermleigh, Texas",1.4,7.5439,-100.662,32.749,0,,30
tx2026ozxarc,2026-08-01T09:35:39.654000+00:00,"12 km ESE of Pearsall, Texas",1.5,9.7243,-98.976,28.859,0,,35
us6000tils,2026-08-01T09:40:10.770000+00:00,Kermadec Islands region,4.5,10.0,-176.6412,-27.9847,0,,312
av94349853,2026-08-01T09:40:34.060000+00:00,"60 km WNW of Tyonek, Alaska",-0.25,27.02,-152.196666666667,61.2533333333333,0,,0
aka2026pcicaz,2026-08-01T09:43:13.853000+00:00,"8 km SE of Tyonek, Alaska",1.9,72.3,-151.048,61.005,0,,56
aka2026pcidvm,2026-08-01T09:44:56.603000+00:00,"54 km ESE of Adak, Alaska",1.7,134.2,-175.856,51.779,0,,44
us6000thfp,2026-08-01T09:50:33.882000+00:00,Tristan da Cunha region,5.1,10.0,-15.9654,-39.7185,0,,400
aka2026pcijrj,2026-08-01T09:51:51.701000+00:00,"112 km N of Yakutat, Alaska",1.8,10.9,-140.084,60.545,0,,50
nc75409532,2026-08-01T09:51:52.750000+00:00,"7 km ESE of Cloverdale, CA",1.2,6.46,-122.949166666667,38.773,0,,22
ci40664586,2026-08-01T09:57:34.240000+00:00,"3 km N of Colton, CA",0.79,13.97,-117.314,34.101,0,,10
tx2026ozxvfg,2026-08-01T09:59:29.138000+00:00,"15 km ESE of Pearsall, Texas",1.6,8.0518,-98.95,28.838,0,,39
uw714067691,2026-08-01T10:07:24.340000+00:00,"30 km WNW of Neah Bay, Washington",0.95,32.07,-125.014333333333,48.4556666666667,0,,14
nc75409537,2026-08-01T10:11:43.630000+00:00,"7 km ESE of Cloverdale, CA",0.97,6.73,-122.942166666667,38.7768333333333,0,,14
tx2026ozygak,2026-08-01T10:12:19.688000+00:00,"24 km SW of Garden City, Texas",2.7,7.3486,-101.682,31.722,0,1.0,112
aka2026pcjdzs,2026-08-01T10:15:18.342000+00:00,"36 km NNW of Elim, Alaska",1.6,3.8,-162.473,64.931,0,,39
tx2026ozyjal,2026-08-01T10:15:32.908000+00:00,"24 km SW of Garden City, Texas",1.5,8.1787,-101.693,31.739,0,,35
tx2026ozyipl,2026-08-01T10:16:13.074000+00:00,"23 km SW of Garden City, Texas",2.8,8.3252,-101.678,31.729,0,,121
aka2026pcjfnm,2026-08-01T10:17:02.869000+00:00,"81 km SSW of Adak, Alaska",2.5,2.0,-176.986,51.173,0,,96
av94349943,2026-08-01T10:19:51.070000+00:00,"83 km NW of Karluk, Alaska",0.0,0.0,-155.2825,58.173,0,,0
nc75409542,2026-08-01T10:20:27.560000+00:00,"37 km W of Petrolia, CA",2.31,20.9,-124.727,40.3376666666667,0,,82
tx2026ozypqj,2026-08-01T10:23:13.712000+00:00,"24 km SW of Garden City, Texas",0.2,5.2002,-101.676,31.722,0,,1
tx2026ozyqsx,2026-08-01T10:24:27.788000+00:00,"13 km ESE of Pearsall, Texas",1.6,6.9192,-98.982,28.829,0,,39
uw714067701,2026-08-01T10:24:50.480000+00:00,"3 km E of Oak Harbor, Washington",1.72,24.97,-122.600166666667,48.2916666666667,0,,46
tx2026ozyrjh,2026-08-01T10:25:15.293000+00:00,"23 km SW of Garden City, Texas",2.4,8.0322,-101.678,31.729,0,,89
aka2026pcjnsk,2026-08-01T10:26:30.945000+00:00,"90 km SSE of Akutan, Alaska",2.3,20.1,-165.286,53.379,0,,81
tx2026ozyvnl,2026-08-01T10:30:07.808000+00:00,"23 km SW of Garden City, Texas",1.6,7.0557,-101.673,31.724,0,,39
tx2026ozzakr,2026-08-01T10:35:44.823000+00:00,"15 km NNW of Pecos, Texas",1.0,3.9978,-103.534,31.556,0,,15
aka2026pcjxgw,2026-08-01T10:38:22.234000+00:00,"57 km N of Lake Minchumina, Alaska",2.4,4.1,-152.341,64.401,0,,89
nc75409547,2026-08-01T10:43:13.650000+00:00,"7 km NW of The Geysers, CA",1.34,2.39000010490417,-122.805999755859,38.8219985961914,0,,28
hv75011452,2026-08-01T10:46:05.880000+00:00,"5 km SSW of Volcano, Hawaii",2.36,38.1,-155.2485,19.3945,0,,86
ci40664594,2026-08-01T10:51:48.260000+00:00,"16 km ESE of Julian, CA",0.9,8.55,-116.440166666667,33.043,0,,12
mb90204023,2026-08-01T10:54:22.760000+00:00,"14 km ESE of Harrison, Montana",1.05,2.22,-111.615166666667,45.6486666666667,0,,17
nc75409552,2026-08-01T10:54:32.520000+00:00,"12 km ESE of Gilroy, CA",2.26,6.38,-121.447333333333,36.9661666666667,0,,79
aka2026pckmhm,2026-08-01T10:54:44.835000+00:00,"104 km N of Yakutat, Alaska",1.6,2.0,-139.655,60.485,0,,39
tx2026ozzrkb,2026-08-01T10:55:25.930000+00:00,"13 km SE of Pearsall, Texas",1.2,8.1854,-98.997,28.811,0,,22
tx2026ozzset,2026-08-01T10:56:21.858000+00:00,"15 km NNW of Snyder, Texas",0.8,4.7119,-100.968,32.854,0,,10
tx2026ozzsze,2026-08-01T10:57:15.983000+00:00,"15 km NNW of Snyder, Texas",1.7,6.8115,-100.972,32.854,0,,44
tx2026ozzvir,2026-08-01T11:00:05.844000+00:00,"31 km WSW of Ackerly, Texas",0.4,6.7139,-102.019,32.403,0,,2
nc75409557,2026-08-01T11:05:14.640000+00:00,"7 km SE of Cloverdale, CA",0.65,5.63,-122.952833333333,38.768,0,,6
tx2026paaafh,2026-08-01T11:05:41.640000+00:00,"4 km S of Pecos, Texas",1.1,4.2029,-103.488,31.381,0,,19
us6000thg5,2026-08-01T11:07:20.193000+00:00,Tristan da Cunha region,5.2,10.0,-15.8701,-39.4578,0,,416
nc75409562,2026-08-01T11:08:09.880000+00:00,"7 km SE of Cloverdale, CA",0.65,5.86,-122.952333333333,38.7696666666667,0,,6
us6000tilt,2026-08-01T11:13:03.962000+00:00,Tristan da Cunha region,4.7,10.0,-15.9417,-39.3144,0,,340
aka2026pclegx,2026-08-01T11:15:36.011000+00:00,"22 km ESE of Kasilof, Alaska",1.8,61.1,-150.881,60.29,0,,50
nc75409567,2026-08-01T11:21:04.610000+00:00,"5 km WNW of Cobb, CA",0.4,1.78,-122.780666666667,38.8393333333333,0,,2
nc75409572,2026-08-01T11:25:06.910000+00:00,"7 km SE of Cloverdale, CA",0.99,6.51,-122.9515,38.7706666666667,0,,15
nc75409592,2026-08-01T11:32:22.120000+00:00,"7 km ESE of Cloverdale, CA",0.64,5.92,-122.951333333333,38.773,0,,6
nc75409582,2026-08-01T11:34:05.380000+00:00,"8 km ESE of Cloverdale, CA",1.66,6.1100001335144,-122.936836242676,38.7760009765625,0,,42
nc75409587,2026-08-01T11:35:26.220000+00:00,"7 km ESE of Cloverdale, CA",2.76,6.30000019073486,-122.947830200195,38.7716674804688,0,9.0,120
aka2026pclwxk,2026-08-01T11:37:04.742000+00:00,"77 km N of Chickaloon, Alaska",2.7,14.7,-148.31,62.488,0,,112
aka2026pclxzr,2026-08-01T11:38:21.927000+00:00,"38 km SSW of Skwentna, Alaska",3.0,96.5,-151.708,61.681,0,1.0,139
tx2026pabdxu,2026-08-01T11:40:08.346000+00:00,"20 km SW of Ackerly, Texas",1.2,9.4238,-101.895,32.419,0,,22
av94350053,2026-08-01T11:40:30.680000+00:00,"30 km W of Sitka, Alaska",-0.47,9.88,-135.84,57.0708333333333,0,,0
ci40664602,2026-08-01T11:45:24.440000+00:00,"8 km S of Yucca Valley, CA",0.45,9.49,-116.443166666667,34.0413333333333,0,,3
nc75409597,2026-08-01T11:49:15.800000+00:00,"7 km ESE of Cloverdale, CA",1.73,6.65999984741211,-122.949996948242,38.7709999084473,0,,46
nc75409602,2026-08-01T11:50:40.700000+00:00,"8 km ESE of Cloverdale, CA",2.68,4.09999990463257,-122.935501098633,38.7761650085449,0,5.0,112
aka2026pcmnwj,2026-08-01T11:56:39.728000+00:00,"59 km SSE of Sand Point, Alaska",2.3,0.6,-160.153,54.843,0,,81
nc75409612,2026-08-01T11:58:09.590000+00:00,"6 km WNW of Cobb, CA",0.77,1.88999998569489,-122.790336608887,38.836498260498,0,,9
av93065224,2026-08-01T12:04:14.700000+00:00,"85 km ENE of Akutan, Alaska",1.02,21.2,-164.633666666667,54.5073333333333,0,,16
tx2026pacbwf,2026-08-01T12:07:56.109000+00:00,"24 km SW of Garden City, Texas",1.6,7.2021,-101.688,31.724,0,,39
ci40664610,2026-08-01T12:09:17.180000+00:00,"12 km S of Salton City, CA",0.96,8.43,-115.950333333333,33.1943333333333,0,,14
aka2026pcmzdl,2026-08-01T12:09:39.040000+00:00,"51 km SSW of Adak, Alaska",2.1,22.3,-176.788,51.418,0,,68
us6000thgc,2026-08-01T12:12:07.612000+00:00,"152 km ENE of Masohi, Indonesia",4.5,10.0,130.2762,-2.8888,0,,312
nc75409622,2026-08-01T12:15:51.750000+00:00,"7 km ESE of Cloverdale, CA",1.22,4.78000020980835,-122.949501037598,38.7721672058105,0,,23
nc75409627,2026-08-01T12:19:31.440000+00:00,"7 km SE of Cloverdale, CA",0.9,5.55999994277954,-122.951332092285,38.771167755127,0,,12
tx2026paclxu,2026-08-01T12:19:39.267000+00:00,"25 km SW of Garden City, Texas",0.5,9.5459,-101.697,31.731,0,,4
aka2026pcnows,2026-08-01T12:27:49.386000+00:00,"71 km S of Cantwell, Alaska",1.6,69.1,-148.795,62.756,0,,39
tx2026pacuuw,2026-08-01T12:29:53.901000+00:00,"16 km SE of Pearsall, Texas",2.1,8.1575,-98.958,28.811,0,,68
us6000thgf,2026-08-01T12:30:49.350000+00:00,"170 km WSW of Fakfak, Indonesia",4.5,10.0,130.8088,-3.2875,0,,312
aka2026pcobmg,2026-08-01T12:42:19.487000+00:00,"75 km SE of Adak, Alaska",2.3,22.6,-175.901,51.374,0,,81
us6000thgg,2026-08-01T12:47:23.360000+00:00,"8 km W of Matsubase, Japan",4.9,10.0,130.5789,32.654,0,,369
tx2026padklh,2026-08-01T12:48:05.568000+00:00,"31 km WSW of Ackerly, Texas",1.1,9.3262,-102.02,32.411,0,,19
aka2026pconti,2026-08-01T12:56:28.408000+00:00,"40 km WNW of Nanwalek, Alaska",1.4,79.4,-152.556,59.524,0,,30
us6000thgi,2026-08-01T12:57:54.694000+00:00,"188 km SW of Port McNeill, Canada",4.1,10.0,-129.2929,49.6572,0,,259
nc75409632,2026-08-01T12:58:39.860000+00:00,"8 km NW of The Geysers, CA",0.25,7.48999977111816,-122.822998046875,38.8246650695801,0,,1
tx2026paduzb,2026-08-01T13:00:16.173000+00:00,"15 km NNW of Westbrook, Texas",1.5,3.8818,-101.06,32.491,0,,35
av94350193,2026-08-01T13:02:20.910000+00:00,"36 km NE of Adak, Alaska",0.15,6.75,-176.2105,52.0691666666667,0,,0
av94350198,2026-08-01T13:04:26.050000+00:00,"165 km W of Adak, Alaska",1.37,8.6,-179.023166666667,51.7343333333333,0,,29
aka2026pcovlv,2026-08-01T13:06:53.383000+00:00,"86 km NNE of Yakutat, Alaska",1.9,1.1,-139.42,60.312,0,,56
hv75011487,2026-08-01T13:12:43.980000+00:00,"16 km E of Pāhala, Hawaii",1.9,31.7700004577637,-155.32633972168,19.1996669769287,0,,56
tx2026paeiaz,2026-08-01T13:15:26.610000+00:00,"56 km S of Whites City, New Mexico",2.1,5.8948,-104.416,31.664,0,,68
us6000tilu,2026-08-01T13:17:37.129000+00:00,"69 km SSW of Sarangani, Philippines",4.2,10.0,125.1448,4.8637,0,,271
nc75409642,2026-08-01T13:19:20.070000+00:00,"10 km NW of The Geysers, CA",0.63,1.88999998569489,-122.836334228516,38.8370018005371,0,,6
nc75409647,2026-08-01T13:26:53.940000+00:00,"9 km WNW of Cobb, CA",0.68,1.26999998092651,-122.81266784668,38.8624992370605,0,,7
aka2026pcpqyg,2026-08-01T13:30:09.834000+00:00,"47 km SSE of Unalaska, Alaska",2.0,70.8,-166.188,53.5,0,,62
tx2026paexmk,2026-08-01T13:33:21.961000+00:00,"24 km SW of Garden City, Texas",1.5,8.3252,-101.684,31.724,0,,35
hv75011492,2026-08-01T13:34:20.590000+00:00,"2 km SW of Pāhala, Hawaii",1.92,31.0599994659424,-155.492340087891,19.1891670227051,0,,57
tx2026pafacj,2026-08-01T13:36:30.545000+00:00,"24 km SW of Garden City, Texas",1.0,7.1045,-101.682,31.72,0,,15
ci40664642,2026-08-01T13:44:46.470000+00:00,"17 km WNW of Progreso, B.C., MX",1.1,6.25,-115.743,32.648,0,,19
ci10247558,2026-08-01T13:45:01.450000+00:00,"15 km WNW of Progreso, B.C., MX",0.87,8.99,-115.731333333333,32.6416666666667,0,,12
tx2026pafhvr,2026-08-01T13:45:23.239000+00:00,"3 km S of Forsan, Texas",1.4,9.3018,-101.373,32.079,0,,30
aka2026pcqiud,2026-08-01T13:50:35.664000+00:00,"70 km S of Akhiok, Alaska",1.9,36.5,-154.302,56.313,0,,56
ci40664650,2026-08-01T13:55:54.580000+00:00,"12 km WNW of Calipatria, CA",1.17,3.2,-115.631166666667,33.1621666666667,0,,21
av94350268,2026-08-01T13:58:42.020000+00:00,"58 km WNW of Tyonek, Alaska",-0.16,5.34,-152.199,61.1775,0,,0
av94350278,2026-08-01T14:03:47.490000+00:00,"61 km ENE of Pedro Bay, Alaska",-0.91,-2.0,-153.091166666667,59.9973333333333,0,,0
hv75011497,2026-08-01T14:09:23.920000+00:00,"7 km S of Leilani Estates, Hawaii",2.02,1.82,-154.925666666667,19.4011666666667,0,,63
us6000tigs,2026-08-01T14:12:25.446000+00:00,"18 km SSE of Sand Point, Alaska",2.7,21.953,-160.3419,55.1916,0,,112
us6000tigt,2026-08-01T14:13:59.568000+00:00,"95 km SE of Unalaska, Alaska",3.0,30.269,-165.6261,53.2112,0,,138
us6000tilv,2026-08-01T14:14:48.877000+00:00,"83 km WSW of Pangai, Tonga",4.5,112.086,-175.115,-20.0389,0,,312
aka2026pcrjpk,2026-08-01T14:21:39.617000+00:00,"109 km SW of Kaktovik, Alaska",1.7,2.6,-145.286,69.337,0,,44
hv75011507,2026-08-01T14:25:41.720000+00:00,"13 km E of Pāhala, Hawaii",1.71,29.35,-155.351,19.2186666666667,0,,45
us6000tilw,2026-08-01T14:30:13.142000+00:00,"89 km W of Labasa, Fiji",4.6,8.133,178.5317,-16.3231,0,,326
av94350323,2026-08-01T14:31:15.430000+00:00,"63 km ENE of Pedro Bay, Alaska",-0.69,0.49,-153.084666666667,60.0291666666667,0,,0
ci40664658,2026-08-01T14:31:35.270000+00:00,"16 km W of Searles Valley, CA",0.45,5.48,-117.585666666667,35.7631666666667,0,,3
nc75409657,2026-08-01T14:32:46.460000+00:00,"10 km N of Pinnacles, CA",0.86,10.52,-121.154333333333,36.6235,0,,11
us6000thgp,2026-08-01T14:35:12.523000+00:00,Banda Sea,4.1,154.055,129.6194,-6.7638,0,,259
ci40664666,2026-08-01T14:37:03.010000+00:00,"7 km SE of Valle Vista, CA",0.34,14.69,-116.840833333333,33.7083333333333,0,,2
nc75409662,2026-08-01T15:01:06.200000+00:00,"3 km NNW of The Geysers, CA",0.25,3.63000011444092,-122.76782989502,38.798999786377,0,,1
uw714067771,2026-08-01T15:05:55.700000+00:00,"17 km SW of Nile, Washington",2.33,8.78,-121.128666666667,46.729,0,,84
us6000tily,2026-08-01T15:13:47.467000+00:00,"25 km ESE of Bobon, Philippines",4.4,8.549,126.554,6.8125,0,,298
ci40664674,2026-08-01T15:17:29.820000+00:00,"38 km WSW of Stovepipe Wells, CA",2.1,0.38,-117.508666666667,36.4265,0,,68
aka2026pctnlp,2026-08-01T15:26:05.681000+00:00,"69 km SSE of Atka, Alaska",2.3,10.5,-173.768,51.632,0,,81
tx2026paiwsi,2026-08-01T15:33:27.017000+00:00,"58 km S of Whites City, New Mexico",1.7,6.0999,-104.427,31.646,0,,44
us6000ti5z,2026-08-01T15:33:42.552000+00:00,"12 km SSW of La Malbaie, Canada",1.3,16.887,-70.2376,47.554,0,,26
aka2026pctvdm,2026-08-01T15:34:51.829000+00:00,"102 km SSE of Sand Point, Alaska",2.5,14.5,-159.854,54.492,0,,96
uw714067791,2026-08-01T15:38:10.600000+00:00,"3 km E of Oak Harbor, Washington",2.12,26.12,-122.602333333333,48.2926666666667,0,,69
ci40664690,2026-08-01T15:49:07.030000+00:00,"9 km NNE of Borrego Springs, CA",0.77,10.53,-116.356833333333,33.3321666666667,0,,9
us6000thgx,2026-08-01T15:51:12.182000+00:00,south of the Fiji Islands,5.1,78.182,-176.9632,-24.3891,0,,400
uu80146836,2026-08-01T15:57:52.180000+00:00,"14 km NNE of West Yellowstone, Montana",0.52,7.65,-111.003833333333,44.7721666666667,0,,4
aka2026pcureq,2026-08-01T16:00:22.375000+00:00,"86 km SW of Nanwalek, Alaska",1.7,69.0,-153.122,58.887,0,,44
aka2026pcuvpj,2026-08-01T16:05:27.497000+00:00,"88 km WNW of Aleneva, Alaska",0.9,5.0,-154.247,58.42,0,,12
us6000thgz,2026-08-01T16:07:21.868000+00:00,"12 km WSW of Honmachi, Japan",4.6,10.0,130.4701,32.4796,0,1.0,326
nc75409677,2026-08-01T16:07:38.410000+00:00,"7 km W of Cobb, CA",0.4,2.59,-122.801833333333,38.8313333333333,0,,2
nc75409682,2026-08-01T16:07:50.880000+00:00,"7 km NW of The Geysers, CA",0.73,3.09999990463257,-122.811332702637,38.8211669921875,0,,8
us6000tih6,2026-08-01T16:08:07.344000+00:00,"113 km SSE of Sand Point, Alaska",2.7,35.0,-160.1501,54.3331,0,,112
av94350483,2026-08-01T16:08:52.240000+00:00,"94 km WNW of Aleneva, Alaska",0.18,4.38,-154.367333333333,58.4148333333333,0,,0
aka2026pcvcqe,2026-08-01T16:13:34.841000+00:00,"64 km SSW of Adak, Alaska",2.1,31.5,-177.101,51.374,0,,68
nc75409687,2026-08-01T16:15:38.490000+00:00,"11 km ESE of Gilroy, CA",1.06,5.62,-121.4565,36.9708333333333,0,,17
ci40664698,2026-08-01T16:19:34.670000+00:00,"5 km NNE of Progreso, B.C., MX",1.45,3.77,-115.568,32.6238333333333,0,,32
aka2026pcvmvd,2026-08-01T16:25:26.729000+00:00,"140 km WSW of Adak, Alaska",2.3,22.3,-178.441,51.308,0,,81
nn00922689,2026-08-01T16:31:02.123000+00:00,"31 km SE of Mina, Nevada",2.42,11.785,-117.8664,38.1823,0,,90
uw714067901,2026-08-01T16:33:48.440000+00:00,"10 km NNE of Mossyrock, Washington",1.03,22.04,-122.422833333333,46.6185,0,,16
us6000tihd,2026-08-01T16:35:56.220000+00:00,"240 km SE of Attu Station, Alaska",3.8,42.141,176.0285,51.5734,0,,222
nc75409697,2026-08-01T16:36:59.250000+00:00,"14 km S of Tres Pinos, CA",0.72,0.47,-121.3335,36.6625,0,,8
nc75409702,2026-08-01T16:37:30.050000+00:00,"21 km NE of San Lucas, CA",1.53,7.49,-120.8475,36.2626666666667,0,,36
tx2026palcal,2026-08-01T16:39:37.757000+00:00,"12 km SE of Pearsall, Texas",1.8,8.4144,-98.991,28.826,0,,50
ci40664730,2026-08-01T16:40:22.200000+00:00,"15 km SW of Searles Valley, CA",1.2,7.11,-117.533,35.689,0,,22
aka2026pcwaef,2026-08-01T16:40:42.533000+00:00,"29 km N of Skwentna, Alaska",1.7,85.4,-151.414,62.255,0,,44
aka2026pcwcaa,2026-08-01T16:42:49.357000+00:00,"52 km WSW of Cantwell, Alaska",1.7,100.6,-149.948,63.258,0,,44
nn00922691,2026-08-01T16:45:50.654000+00:00,"20 km ESE of Silver Springs, Nevada",1.78,8.0467,-119.0063,39.3482,0,,49
ci40664738,2026-08-01T16:51:06.380000+00:00,"17 km E of Desert Hot Springs, CA",3.22,8.18,-116.322,33.9781666666667,0,46.0,172
nc75409717,2026-08-01T16:55:47.940000+00:00,"7 km NW of The Geysers, CA",0.69,3.11999988555908,-122.811668395996,38.8208351135254,0,,7
uw714067971,2026-08-01T17:00:33.120000+00:00,"5 km WSW of Mercer Island, Washington",1.51,26.07,-122.283,47.5468333333333,0,,35
av94350583,2026-08-01T17:00:39.450000+00:00,"14 km N of Atka, Alaska",0.44,6.23,-174.171,52.3281666666667,0,,3
nc75409722,2026-08-01T17:12:43.130000+00:00,"7 km W of Cobb, CA",1.03,2.20000004768372,-122.808334350586,38.8315010070801,0,,16
nc75409727,2026-08-01T17:14:53.090000+00:00,"7 km WNW of Yountville, CA",0.8,6.06,-122.4405,38.4155,0,,10
uu80146846,2026-08-01T17:20:44.190000+00:00,"52 km SSW of Silver Gate, Montana",0.52,2.46,-110.309666666667,44.5923333333333,0,,4
us6000thhe,2026-08-01T17:30:01.453000+00:00,"150 km ENE of Masohi, Indonesia",4.4,10.0,130.2218,-2.7767,0,,298
nc75409737,2026-08-01T17:30:21.680000+00:00,"6 km W of Cobb, CA",1.02,1.77999997138977,-122.793502807617,38.8328323364258,0,,16
ci40664754,2026-08-01T17:32:38.160000+00:00,"12 km E of Desert Hot Springs, CA",1.2,5.8,-116.374,33.9561666666667,0,,22
uu80146851,2026-08-01T17:35:31.300000+00:00,"4 km N of New Harmony, Utah",0.9,3.8,-113.317333333333,37.5185,0,,12
ci40664762,2026-08-01T17:36:30.580000+00:00,"10 km N of Banning, CA",0.93,18.11,-116.857833333333,34.0143333333333,0,,13
nc75409742,2026-08-01T17:38:08.960000+00:00,"14 km S of Tres Pinos, CA",0.87,0.3,-121.3345,36.6671666666667,0,,12
ci40664770,2026-08-01T17:41:57.600000+00:00,"17 km W of Simmler, CA",1.48,4.18,-120.187166666667,35.3253333333333,0,,34
aka2026pcyfjr,2026-08-01T17:46:41.814000+00:00,"64 km NNE of White Mountain, Alaska",1.5,5.6,-162.728,65.182,0,,35
ci40664778,2026-08-01T17:55:13.440000+00:00,"2 km E of Progreso, B.C., MX",1.04,4.93,-115.559166666667,32.581,0,,17
tx2026panzfe,2026-08-01T18:06:54.529000+00:00,"49 km NW of Toyah, Texas",1.7,2.1265,-104.166,31.633,0,,44
tx2026panzks,2026-08-01T18:07:06.908000+00:00,"13 km SE of Pearsall, Texas",1.6,6.3231,-98.989,28.809,0,,39
aka2026pcyyjn,2026-08-01T18:08:38.230000+00:00,"87 km NNW of Aleneva, Alaska",1.6,73.2,-153.27,58.825,0,,39
us6000tim0,2026-08-01T18:25:01.262000+00:00,"119 km SW of Merizo Village, Guam",4.2,37.109,143.8951,12.4943,0,,271
av94350728,2026-08-01T18:25:15.330000+00:00,"88 km W of Salamatof, Alaska",0.18,6.37,-152.933166666667,60.6158333333333,0,,0
ci40664786,2026-08-01T18:26:56.970000+00:00,"19 km NNE of Indio, CA",1.45,5.42,-116.167166666667,33.8886666666667,0,,32
nc75409752,2026-08-01T18:27:56.440000+00:00,"8 km ESE of Cloverdale, CA",1.34,4.09999990463257,-122.932502746582,38.7743339538574,0,,28
aka2026pczsck,2026-08-01T18:31:21.541000+00:00,"18 km SW of Point Possession, Alaska",2.6,60.1,-150.906,60.792,0,1.0,104
ci40664794,2026-08-01T18:42:24.570000+00:00,"26 km ENE of Pine Valley, CA",0.8,12.77,-116.2715,32.9078333333333,0,,10
hv75011557,2026-08-01T18:44:05.750000+00:00,"19 km ESE of Pāhala, Hawaii",1.98,40.82,-155.310833333333,19.1313333333333,0,,60
ci40664802,2026-08-01T18:48:05.110000+00:00,"16 km SE of Anza, CA",0.65,10.6,-116.544166666667,33.4615,0,,6
av93065229,2026-08-01T18:51:59.740000+00:00,"67 km NNE of Chignik, Alaska",-0.89,10.92,-158.152166666667,56.8838333333333,0,,0
av93065239,2026-08-01T18:55:40.750000+00:00,"68 km NNE of Chignik, Alaska",-0.85,12.54,-158.115,56.8895,0,,0
ci40664810,2026-08-01T18:55:46.300000+00:00,"17 km ESE of Anza, CA",0.78,12.92,-116.506333333333,33.5,0,,9
aka2026pdanmx,2026-08-01T18:56:22.744000+00:00,"106 km N of Yakutat, Alaska",1.5,2.1,-139.653,60.505,0,,35
av93065244,2026-08-01T18:59:45.680000+00:00,"74 km NNE of Chignik Lagoon, Alaska",-0.14,17.46,-158.246833333333,56.9593333333333,0,,0
us6000thhj,2026-08-01T18:59:58.340000+00:00,"28 km S of Sulangan, Philippines",4.3,41.096,125.8721,10.6831,0,,284
nc75409762,2026-08-01T19:02:22.550000+00:00,"8 km ESE of Cloverdale, CA",1.13,4.26999998092651,-122.938003540039,38.7714996337891,0,,20
nc75409767,2026-08-01T19:07:42.720000+00:00,"7 km SE of Cloverdale, CA",1.06,3.57999992370605,-122.947830200195,38.7686653137207,0,,17
uu80146856,2026-08-01T19:09:35.150000+00:00,"13 km NE of Milford, Utah",1.4,3.08,-112.902833333333,38.482,0,,30
us6000thhk,2026-08-01T19:10:53.802000+00:00,"44 km SE of Tsunō, Japan",5.3,35.0,131.9561,32.0214,0,1.0,432
ci10247574,2026-08-01T19:13:25.900000+00:00,"2 km SSE of San Jacinto, CA",0.39,13.99,-116.952,33.7671666666667,0,,2
aka2026pdbemm,2026-08-01T19:15:36.944000+00:00,"81 km SSE of Adak, Alaska",2.3,16.1,-176.255,51.185,0,,81
nc75409777,2026-08-01T19:16:50.790000+00:00,"4 km NNW of The Geysers, CA",1.27,2.49000000953674,-122.776664733887,38.8061676025391,0,,25
tx2026paqhue,2026-08-01T19:17:11.790000+00:00,"14 km SE of Pearsall, Texas",1.5,6.7433,-98.986,28.806,0,,35
uu80146861,2026-08-01T19:22:01.050000+00:00,"51 km SE of Mammoth, Wyoming",1.28,5.22,-110.3215,44.599,0,,25
tx2026paqngl,2026-08-01T19:23:54.386000+00:00,"24 km SW of Garden City, Texas",0.9,8.8379,-101.685,31.727,0,,12
us6000tihv,2026-08-01T19:31:56.941000+00:00,"67 km SSW of Adak, Alaska",3.2,35.0,-176.8848,51.2835,0,,158
av94350828,2026-08-01T19:35:02.190000+00:00,"79 km NW of Ninilchik, Alaska",-0.76,2.0,-152.769,60.5031666666667,0,,0
ci40664826,2026-08-01T19:39:41.020000+00:00,"15 km WSW of Searles Valley, CA",1.24,2.58,-117.561,35.7291666666667,0,,24
nc75409797,2026-08-01T19:59:40.300000+00:00,"18 km SE of Petrolia, CA",1.71,12.08,-124.132,40.2133333333333,0,,45
pr2026213000,2026-08-01T20:00:41.590000+00:00,"49 km N of Charlotte Amalie, U.S. Virgin Islands",4.07,19.0,-64.9225,18.7861,0,10.0,258
us6000tihx,2026-08-01T20:01:02.630000+00:00,"233 km ESE of Attu Station, Alaska",3.7,10.0,176.2309,51.8878,0,,211
nc75409802,2026-08-01T20:01:22.330000+00:00,"7 km ESE of Cloverdale, CA",0.68,6.09,-122.939166666667,38.779,0,,7
us6000thhr,2026-08-01T20:02:47.387000+00:00,"159 km SSW of Severo-Kuril’sk, Russia",5.2,56.61,155.2981,49.3423,0,,416
tx2026parwxe,2026-08-01T20:04:58.532000+00:00,"16 km NE of Midland, Texas",1.0,7.251,-101.963,32.11,0,,15
ci40664834,2026-08-01T20:05:18.560000+00:00,"13 km NE of Ridgecrest, CA",0.57,2.27,-117.564666666667,35.7016666666667,0,,5
us6000tim2,2026-08-01T20:08:08.844000+00:00,"208 km NW of Tobelo, Indonesia",4.1,56.089,126.4682,2.804,0,,259
us6000tihy,2026-08-01T20:08:21.188000+00:00,"242 km ESE of Attu Station, Alaska",3.3,10.0,176.2268,51.7164,0,,168
pr71526988,2026-08-01T20:08:28.050000+00:00,"44 km N of Charlotte Amalie, U.S. Virgin Islands",3.01,17.25,-64.9308333333333,18.747,0,1.0,139
uw714068221,2026-08-01T20:15:41.890000+00:00,"8 km NNE of Government Camp, Oregon",1.09,0.88,-121.699166666667,45.3726666666667,0,,18
aka2026pddfaz,2026-08-01T20:16:15.781000+00:00,"56 km SE of Pedro Bay, Alaska",1.6,125.7,-153.356,59.449,0,,39
aka2026pddher,2026-08-01T20:18:42.837000+00:00,"82 km NW of Karluk, Alaska",0.5,5.0,-155.279,58.164,0,,4
us6000thht,2026-08-01T20:27:35.947000+00:00,"30 km SE of Kirkuk, Iraq",4.4,10.0,44.5765,35.2431,0,1.0,298
us6000tima,2026-08-01T20:29:08.290000+00:00,"19 km SSE of Kirkuk, Iraq",4.1,10.0,44.5123,35.3201,0,,259
pr71526963,2026-08-01T20:37:47.680000+00:00,"48 km N of Charlotte Amalie, U.S. Virgin Islands",3.37,7.0,-64.937,18.7776666666667,0,,175
ci40664842,2026-08-01T20:38:06.940000+00:00,"17 km NNE of Indio, CA",0.95,3.07,-116.174333333333,33.8726666666667,0,,14
aka2026pddxva,2026-08-01T20:38:20.412000+00:00,"55 km E of Denali National Park, Alaska",1.7,11.2,-150.613,63.575,0,,44
aka2026pddzte,2026-08-01T20:40:05.983000+00:00,"38 km WNW of Ninilchik, Alaska",2.6,95.3,-152.282,60.208,0,,104
mb90204043,2026-08-01T20:40:50.750000+00:00,"17 km W of Hebgen Lake Estates, Montana",0.47,5.25,-111.4045,44.7938333333333,0,,3
ci40664850,2026-08-01T20:41:55.260000+00:00,"6 km NNE of Progreso, B.C., MX",2.43,7.66,-115.560833333333,32.6295,0,,91
nc75409822,2026-08-01T20:42:20.030000+00:00,"0 km SW of Albany, CA",1.37,7.1,-122.299666666667,37.8855,0,,29
tx2026pateev,2026-08-01T20:43:38.463000+00:00,"12 km W of Forsan, Texas",1.1,8.6182,-101.498,32.099,0,,19
nc75409832,2026-08-01T20:49:02.140000+00:00,"8 km SSW of Atascadero, CA",1.18,7.28,-120.700833333333,35.4176666666667,0,,21
tx2026patiqk,2026-08-01T20:49:02.233000+00:00,"58 km S of Whites City, New Mexico",1.6,6.1511,-104.393,31.65,0,,39
aka2026pdesll,2026-08-01T21:01:41.187000+00:00,"81 km NW of Takotna, Alaska",1.8,12.4,-157.007,63.583,0,,50
ci40664858,2026-08-01T21:02:31.580000+00:00,"6 km NNE of Progreso, B.C., MX",1.47,6.44,-115.565833333333,32.6333333333333,0,,33
uw714068371,2026-08-01T21:05:57.940000+00:00,"7 km E of Ashford, Washington",-0.46,4.16,-121.928166666667,46.7495,0,,0
tx2026paucks,2026-08-01T21:11:39.429000+00:00,"15 km ESE of Pearsall, Texas",2.0,7.214,-98.963,28.819,0,,62
uw714068451,2026-08-01T21:21:05+00:00,"1 km ENE of Alderwood Manor, Washington",1.41,25.25,-122.263666666667,47.8256666666667,0,,31
us6000thi4,2026-08-01T21:26:07.206000+00:00,"188 km W of Abepura, Indonesia",4.5,10.0,138.9391,-2.6266,0,,312
aka2026pdfpei,2026-08-01T21:27:56.544000+00:00,"59 km SE of Ugashik, Alaska",1.9,5.0,-156.769,57.098,0,,56
hv75011592,2026-08-01T21:40:37.500000+00:00,"25 km NE of Honomu, Hawaii",2.52,12.27,-154.942833333333,20.0285,0,,98
tx2026pavkyj,2026-08-01T21:52:22.162000+00:00,"36 km NNW of Toyah, Texas",1.8,5.8435,-103.996,31.599,0,,50
ci40664874,2026-08-01T21:56:39.810000+00:00,"16 km WNW of Progreso, B.C., MX",1.62,7.14,-115.741333333333,32.6343333333333,0,,40
ci40664882,2026-08-01T22:00:19.370000+00:00,"9 km NW of Anza, CA",0.8,10.46,-116.755,33.6028333333333,0,,10
ci40664890,2026-08-01T22:10:19.950000+00:00,"18 km NE of Avalon, CA",2.18,8.88,-118.213833333333,33.4761666666667,0,,73
ci40664898,2026-08-01T22:10:36.580000+00:00,"16 km WNW of Progreso, B.C., MX",1.78,6.97,-115.742333333333,32.6426666666667,0,,49
uu80146876,2026-08-01T22:24:39.810000+00:00,"13 km NE of West Yellowstone, Montana",0.83,11.64,-110.966166666667,44.7366666666667,0,,11
uu80146881,2026-08-01T22:28:07.660000+00:00,"14 km NE of West Yellowstone, Montana",0.87,11.6,-110.963,44.75,0,,12
us6000thid,2026-08-01T22:29:40.161000+00:00,Fiji region,4.4,531.582,-178.0831,-20.2858,0,,298
ci40664906,2026-08-01T22:30:16.750000+00:00,"17 km SW of Lamont, CA",1.56,12.08,-119.055666666667,35.1618333333333,0,,37
ci40664914,2026-08-01T22:33:21.970000+00:00,"6 km NNE of Progreso, B.C., MX",2.27,5.84,-115.569,32.6306666666667,0,,79
uu80146886,2026-08-01T22:37:45.620000+00:00,"14 km NE of West Yellowstone, Montana",1.22,10.87,-110.953166666667,44.7406666666667,0,,23
aka2026pdhygm,2026-08-01T22:38:20.364000+00:00,"63 km ENE of Pedro Bay, Alaska",1.8,127.1,-153.077,60.023,0,,50
nc75409872,2026-08-01T22:39:19.130000+00:00,"7 km WNW of Cobb, CA",0.41,2.46,-122.7985,38.8351666666667,0,,3
nc75409877,2026-08-01T22:39:54.560000+00:00,"9 km NNE of Windsor, CA",0.97,9.01,-122.7615,38.615,0,,14
aka2026pdiicx,2026-08-01T22:49:40.296000+00:00,"69 km ENE of Port Alsworth, Alaska",1.3,138.7,-153.084,60.337,0,,26
nc75409882,2026-08-01T22:50:48.120000+00:00,"7 km WNW of Cobb, CA",0.37,1.97,-122.796166666667,38.837,0,,2
us6000tim8,2026-08-01T22:55:00.375000+00:00,south of Tonga,4.8,10.0,-175.2289,-24.6267,0,,354
us6000tii1,2026-08-01T22:56:02.831000+00:00,"254 km WSW of Adak, Alaska",2.5,10.0,179.8577,51.2029,0,,96
ci40664922,2026-08-01T22:58:21.550000+00:00,"6 km NE of Coso Junction, CA",-0.34,1.6,-117.900333333333,36.0861666666667,0,,0
nc75409887,2026-08-01T22:58:29.510000+00:00,"9 km E of Wilkerson, CA",2.73,6.33,-118.289166666667,37.2676666666667,0,,115
us6000thii,2026-08-01T23:07:03.593000+00:00,"86 km SSE of Atka, Alaska",4.9,35.0,-173.5095,51.5522,0,,369
hv75011607,2026-08-01T23:08:28.590000+00:00,"11 km NE of Pāhala, Hawaii",1.72,30.4500007629395,-155.400161743164,19.2768325805664,0,,46
pr71526998,2026-08-01T23:12:06.640000+00:00,"47 km N of Charlotte Amalie, U.S. Virgin Islands",2.51,15.19,-64.9056666666667,18.7733333333333,0,,97
nc75409897,2026-08-01T23:12:37.120000+00:00,"8 km ESE of Cloverdale, CA",1.28,6.73,-122.938,38.7781666666667,0,,25
ci40664930,2026-08-01T23:16:22.410000+00:00,"10 km E of Yorba Linda, CA",1.13,11.11,-117.701,33.8918333333333,0,,20
us6000thin,2026-08-01T23:22:41.576000+00:00,"70 km WSW of Puerto Madero, Mexico",4.3,35.0,-92.9863,14.4036,0,,284
us6000tim9,2026-08-01T23:23:19.218000+00:00,"220 km SE of Severo-Kuril’sk, Russia",4.3,10.0,158.1963,49.2089,0,,284
tx2026paynyf,2026-08-01T23:25:45.260000+00:00,"19 km SW of Jal, New Mexico",1.5,6.0999,-103.318,31.973,0,,35
tx2026paypra,2026-08-01T23:29:02.789000+00:00,"15 km NNE of Midland, Texas",1.3,8.374,-102.025,32.132,0,,26
ci40664938,2026-08-01T23:29:02.950000+00:00,"13 km SE of Bodfish, CA",1.16,5.56,-118.404333333333,35.4996666666667,0,,21
aka2026pdjvar,2026-08-01T23:34:37.286000+00:00,"54 km SE of Ugashik, Alaska",1.6,13.2,-156.842,57.131,0,,39
us6000thit,2026-08-01T23:35:26.453000+00:00,"109 km SW of El Arenal, Mexico",4.4,35.0,-93.4256,14.4739,0,,298
us6000thj0,2026-08-01T23:39:57.284000+00:00,"7 km S of El Arenal, Mexico",4.2,80.749,-92.6917,15.1075,0,,271
aka2026pdjzrl,2026-08-01T23:39:57.697000+00:00,"116 km N of Yakutat, Alaska",2.0,11.4,-140.054,60.576,0,,62
aka2026pdkaqo,2026-08-01T23:41:08.600000+00:00,"22 km WNW of Clam Gulch, Alaska",1.5,79.1,-151.766,60.304,0,,35
tx2026pazlhq,2026-08-01T23:52:48.687000+00:00,"17 km ESE of Pearsall, Texas",1.8,8.416,-98.944,28.813,0,,50
us6000tht2,2026-08-01T23:59:22.002000+00:00,"50 km SSE of Atka, Alaska",3.3,35.0,-173.8329,51.8021,0,,168
ci40664946,2026-08-02T00:00:45.180000+00:00,"17 km SW of Lamont, CA",1.2,14.08,-119.0625,35.1728333333333,0,,22
av94351278,2026-08-02T00:05:34.920000+00:00,"59 km ENE of Pedro Bay, Alaska",-0.73,2.95,-153.107333333333,59.9815,0,,0
ci40664954,2026-08-02T00:09:45.610000+00:00,"17 km WNW of Progreso, B.C., MX",1.86,6.66,-115.746,32.643,0,,53
nc75409907,2026-08-02T00:13:22.720000+00:00,"3 km SSW of Cobb, CA",0.5,1.41,-122.7375,38.8011666666667,0,,4
us6000thj5,2026-08-02T00:13:39.721000+00:00,"122 km SSW of Severo-Kuril’sk, Russia",5.1,92.38,155.2385,49.7284,0,,400
av93065354,2026-08-02T00:16:35.880000+00:00,"16 km W of Ivanof Bay, Alaska",0.5,11.09,-159.7385,55.9175,0,,4
nc75409917,2026-08-02T00:21:20.580000+00:00,"8 km ESE of Cloverdale, CA",1.04,1.82000005245209,-122.943832397461,38.7696647644043,0,,17
nc75409922,2026-08-02T00:30:05.210000+00:00,"5 km NW of The Geysers, CA",1.29,2.8199999332428,-122.792999267578,38.8143348693848,0,,26
av94351318,2026-08-02T00:32:08.900000+00:00,"41 km NE of Adak, Alaska",0.43,8.07,-176.178666666667,52.1183333333333,0,,3
aka2026pdlvxq,2026-08-02T00:35:36.895000+00:00,"13 km NNW of Fishhook, Alaska",2.1,3.1,-149.293,61.86,0,,68
pr71527003,2026-08-02T00:37:56.400000+00:00,"4 km ESE of Maricao, Puerto Rico",2.68,17.27,-66.9411666666667,18.166,0,,110
pr71527013,2026-08-02T00:41:58.800000+00:00,"48 km N of Charlotte Amalie, U.S. Virgin Islands",3.02,17.54,-64.9281666666667,18.7818333333333,0,,140
uw714069021,2026-08-02T00:42:15.600000+00:00,"23 km ENE of Ashford, Washington",2.24,-0.93,-121.767833333333,46.8601666666667,0,1.0,77
hv75011622,2026-08-02T00:43:59.550000+00:00,"33 km S of Naalehu, Hawaii",2.75,21.25,-155.534,18.772,0,,116
aka2026pdmdhu,2026-08-02T00:44:01.274000+00:00,"151 km E of McCarthy, Alaska",1.9,5.4,-140.093,61.409,0,,56
us6000thjm,2026-08-02T00:45:38.699000+00:00,"68 km E of Noda, Japan",4.7,46.52,142.6163,40.2093,0,,340
nc75409927,2026-08-02T00:48:26.630000+00:00,"8 km NW of The Geysers, CA",0.77,0.550000011920929,-122.825996398926,38.8279991149902,0,,9
uu80146891,2026-08-02T00:56:15.810000+00:00,"16 km SE of Castle Dale, Utah",0.75,5.97,-110.8655,39.1293333333333,0,,9
uw714069081,2026-08-02T01:02:11.620000+00:00,"22 km ENE of Ashford, Washington",0.63,0.79,-121.769,46.8568333333333,0,,6
uw714069091,2026-08-02T01:04:46.690000+00:00,"22 km ENE of Ashford, Washington",0.43,0.72,-121.769666666667,46.8593333333333,0,,3
uw714069101,2026-08-02T01:20:48.910000+00:00,"4 km NNE of Key Center, Washington",1.36,22.53,-122.723166666667,47.3778333333333,0,,28
us6000timl,2026-08-02T01:21:12.862000+00:00,Fiji region,4.0,539.392,-178.2554,-20.8247,0,,246
us6000thjs,2026-08-02T01:21:38.828000+00:00,"36 km W of Cartagena, Chile",4.4,23.601,-71.9983,-33.5301,0,1.0,298
nc75409932,2026-08-02T01:22:43.970000+00:00,"3 km NW of The Geysers, CA",0.72,3.46000003814697,-122.777000427246,38.796501159668,0,,8
av94351378,2026-08-02T01:22:57.250000+00:00,"39 km NE of Adak, Alaska",0.44,3.95,-176.203333333333,52.1028333333333,0,,3
ci40664970,2026-08-02T01:26:05.860000+00:00,"17 km WNW of Progreso, B.C., MX",2.22,6.05,-115.746666666667,32.641,0,,76
ci40664978,2026-08-02T01:29:31.550000+00:00,"8 km SSE of Redlands, CA",0.92,15.34,-117.150666666667,33.993,0,,13
pr71527023,2026-08-02T01:34:19.500000+00:00,"41 km N of Charlotte Amalie, U.S. Virgin Islands",3.14,20.65,-64.9425,18.7155,0,,152
us6000thjv,2026-08-02T01:37:05.718000+00:00,"60 km NE of Bandar Abbas, Iran",4.2,10.0,56.6209,27.6358,0,,271
nc75409937,2026-08-02T01:37:56.700000+00:00,"6 km NW of The Geysers, CA",1.08,2.5699999332428,-122.796333312988,38.8223342895508,0,,18
us6000timk,2026-08-02T01:38:45.243000+00:00,"33 km E of Minami-Sōma, Japan",4.2,63.425,141.3539,37.6016,0,,271
pr71527038,2026-08-02T01:38:59.160000+00:00,"91 km NNE of Cruz Bay, U.S. Virgin Islands",3.34,14.42,-64.3385,19.035,0,,172
uw714069131,2026-08-02T01:40:20.050000+00:00,"10 km S of Netarts, Oregon",0.59,7.31,-123.937166666667,45.3396666666667,0,,5
aka2026pdoaig,2026-08-02T01:40:38.381000+00:00,"102 km SSW of Nikolski, Alaska",2.6,13.0,-169.44,52.091,0,,104
av94351413,2026-08-02T01:42:34.430000+00:00,"59 km WNW of Beluga, Alaska",-0.47,1.6,-152.1125,61.3361666666667,0,,0
tx2026pbdlfp,2026-08-02T01:53:27.348000+00:00,"14 km WSW of Stanton, Texas",0.5,7.7393,-101.935,32.099,0,,4
aka2026pdombb,2026-08-02T01:54:27.476000+00:00,"83 km NW of Karluk, Alaska",0.7,5.0,-155.324,58.162,0,,8
nc75409947,2026-08-02T01:55:05.800000+00:00,"3 km SSW of Redwood Valley, CA",1.24,3.91,-123.219166666667,39.2428333333333,0,,24
av94351448,2026-08-02T02:07:13.710000+00:00,"63 km NW of Ninilchik, Alaska",-0.11,6.13,-152.565333333333,60.4098333333333,0,,0
pr71527053,2026-08-02T02:07:44.130000+00:00,"47 km N of Charlotte Amalie, U.S. Virgin Islands",2.94,17.55,-64.9268333333333,18.7695,0,,133
ci40664986,2026-08-02T02:22:31.440000+00:00,"4 km NNE of Progreso, B.C., MX",1.36,7.1,-115.569166666667,32.6168333333333,0,,28
us6000tipf,2026-08-02T02:22:42.652000+00:00,"149 km S of False Pass, Alaska",2.8,10.0,-163.2638,53.5174,0,,121
ci40664994,2026-08-02T02:23:07.080000+00:00,"17 km WNW of Progreso, B.C., MX",1.94,6.01,-115.750666666667,32.6401666666667,0,,58
ci40665002,2026-08-02T02:28:56.690000+00:00,"16 km WNW of Progreso, B.C., MX",1.43,6.6,-115.744333333333,32.6403333333333,0,,31
av94351508,2026-08-02T02:31:59.340000+00:00,"20 km NNE of Atka, Alaska",-0.11,4.07,-174.121,52.3715,0,,0
av94351518,2026-08-02T02:34:44.590000+00:00,"85 km NW of Karluk, Alaska",-0.48,3.06,-155.323833333333,58.182,0,,0
ci40665010,2026-08-02T02:37:37.180000+00:00,"8 km E of Pine Mountain Club, CA",1.27,8.19,-119.0565,34.8461666666667,0,,25
av94351533,2026-08-02T02:44:09.230000+00:00,"64 km ENE of Pedro Bay, Alaska",0.07,-2.96,-153.0805,60.0505,0,,0
aka2026pdqhlx,2026-08-02T02:48:51.381000+00:00,"72 km NNE of White Mountain, Alaska",1.9,3.5,-162.701,65.264,0,,56
nc75409957,2026-08-02T02:53:28.500000+00:00,"1 km SSE of Boulder Creek, CA",0.92,7.06,-122.118166666667,37.1206666666667,0,,13
tx2026pbfolj,2026-08-02T02:57:29.881000+00:00,"16 km SE of Pearsall, Texas",1.8,6.6229,-98.989,28.78,0,,50
aka2026pdquku,2026-08-02T03:03:48.213000+00:00,"8 km NW of Salamatof, Alaska",1.5,66.3,-151.439,60.663,0,,35
nn00922699,2026-08-02T03:04:03.694000+00:00,"31 km SE of Mina, Nevada",1.75,10.9323,-117.8645,38.1813,0,,47
aka2026pdqvke,2026-08-02T03:04:56.772000+00:00,"26 km N of Larsen Bay, Alaska",1.5,32.5,-153.919,57.777,0,,35
av94351583,2026-08-02T03:10:50.730000+00:00,"86 km ENE of Port Alsworth, Alaska",0.05,17.42,-152.898833333333,60.5428333333333,0,,0
tx2026pbgahc,2026-08-02T03:11:14.075000+00:00,"12 km SE of Pearsall, Texas",1.4,8.2097,-98.994,28.822,0,,30
hv75011652,2026-08-02T03:15:17.430000+00:00,"15 km S of Volcano, Hawaii",1.76,0.95,-155.2385,19.2988333333333,0,,48
us6000thk5,2026-08-02T03:15:36.892000+00:00,"237 km NNW of Nagqu, China",4.3,10.0,91.4797,33.5607,0,,284
pr71527063,2026-08-02T03:16:35.460000+00:00,"45 km N of Charlotte Amalie, U.S. Virgin Islands",2.57,13.99,-64.932,18.7536666666667,0,,102
us6000thk4,2026-08-02T03:16:44.955000+00:00,"1 km SW of Yumare, Venezuela",4.5,10.0,-68.6809,10.589,0,20.0,320
aka2026pdrhxm,2026-08-02T03:19:21.367000+00:00,"62 km NNE of White Mountain, Alaska",1.4,4.8,-162.732,65.167,0,,30
aka2026pdrifl,2026-08-02T03:19:42.790000+00:00,"157 km ESE of McCarthy, Alaska",2.0,7.6,-140.127,60.993,0,,62
us6000timq,2026-08-02T03:23:38.892000+00:00,"38 km SE of Masjed Soleymān, Iran",4.2,10.0,49.5487,31.6629,0,,271
us6000tipl,2026-08-02T03:24:24.563000+00:00,"101 km SE of Atka, Alaska",2.8,35.0,-173.2618,51.4903,0,,121
av94351623,2026-08-02T03:31:15.680000+00:00,"67 km NE of Nikolski, Alaska",-0.52,6.79,-168.170166666667,53.3858333333333,0,,0
aka2026pdsahb,2026-08-02T03:40:32.393000+00:00,"25 km NNW of Petersville, Alaska",1.7,6.4,-150.892,62.713,0,,44
av94351653,2026-08-02T03:48:01.400000+00:00,"77 km NNW of Karluk, Alaska",-0.09,3.2,-154.723333333333,58.251,0,,0
ci40665018,2026-08-02T03:53:54.790000+00:00,"11 km N of Searles Valley, CA",0.78,3.3,-117.3885,35.8646666666667,0,,9
uw714069271,2026-08-02T04:02:53.170000+00:00,"5 km ENE of Ashford, Washington",0.0,9.45,-121.9605,46.7721666666667,0,,0
pr71527073,2026-08-02T04:18:41.270000+00:00,"42 km N of Charlotte Amalie, U.S. Virgin Islands",3.15,34.22,-64.9296666666667,18.7281666666667,0,,153
nc75409972,2026-08-02T04:21:23.590000+00:00,"5 km WNW of The Geysers, CA",0.75,3.1800000667572,-122.809829711914,38.795166015625,0,,9
aka2026pdtjtn,2026-08-02T04:21:27.600000+00:00,"71 km NNE of White Mountain, Alaska",1.5,9.5,-162.721,65.25,0,,35
uu80146896,2026-08-02T04:29:56.350000+00:00,"6 km NNW of Saratoga Springs, Utah",1.62,5.96,-111.9345,40.405,0,,40
tx2026pbiqed,2026-08-02T04:30:00.474000+00:00,"14 km SE of Pearsall, Texas",1.6,6.4529,-98.987,28.805,0,,39
nc75409977,2026-08-02T04:30:28.070000+00:00,"9 km NW of The Geysers, CA",0.61,1.45000004768372,-122.842002868652,38.8241653442383,0,,6
aka2026pdtsyv,2026-08-02T04:32:06.091000+00:00,"66 km WSW of Nanwalek, Alaska",1.7,68.2,-152.899,59.036,0,,44
nc75409982,2026-08-02T04:36:43.980000+00:00,"11 km N of Redwood Valley, CA",1.24,7.95,-123.218833333333,39.3623333333333,0,,24
ci40665026,2026-08-02T04:40:18.970000+00:00,"6 km NNE of Progreso, B.C., MX",1.92,7.87,-115.564166666667,32.6271666666667,0,,57
ci40665034,2026-08-02T04:41:48.890000+00:00,"6 km NNE of Progreso, B.C., MX",1.42,5.6,-115.559833333333,32.63,0,,31
nc75409987,2026-08-02T04:43:25.470000+00:00,"7 km ESE of Cloverdale, CA",0.81,5.15999984741211,-122.941329956055,38.7763328552246,0,,10
aka2026pdudch,2026-08-02T04:43:37.429000+00:00,"130 km SW of Inuvik, Canada",2.8,9.9,-135.541,67.417,0,,121
nc75409992,2026-08-02T04:52:08.420000+00:00,"7 km NW of The Geysers, CA",1.04,2.69000005722046,-122.813499450684,38.8154983520508,0,,17
aka2026pduzxw,2026-08-02T05:10:05.988000+00:00,"29 km SW of Petersville, Alaska",1.8,70.6,-151.092,62.28,0,,50
us6000timu,2026-08-02T05:10:48.935000+00:00,"185 km W of Abepura, Indonesia",4.4,36.446,138.9669,-2.6255,0,,298
us6000tinw,2026-08-02T05:13:08.518000+00:00,"159 km ESE of Saipan, Northern Mariana Islands",4.3,10.0,147.1236,14.6668,0,,284
us6000thkg,2026-08-02T05:18:40.623000+00:00,"82 km SE of Atka, Alaska",4.8,48.984,-173.4424,51.625,0,,354
tx2026pbkqvc,2026-08-02T05:31:14.525000+00:00,"11 km S of Forsan, Texas",1.0,2.3682,-101.365,32.01,0,,15
ci40665050,2026-08-02T05:35:09.690000+00:00,"8 km SSE of Redlands, CA",0.55,9.82,-117.157166666667,33.9873333333333,0,,5
nc75409997,2026-08-02T05:36:10.430000+00:00,"11 km N of Redwood Valley, CA",1.49,6.91,-123.227833333333,39.3636666666667,0,,34
us6000thki,2026-08-02T05:38:58.072000+00:00,"41 km S of Mendi, Papua New Guinea",4.8,10.0,143.6372,-6.5232,0,,354
ci40665058,2026-08-02T05:41:30.400000+00:00,"17 km WNW of Progreso, B.C., MX",1.53,5.74,-115.749,32.6435,0,,36
aka2026pdwjwz,2026-08-02T05:51:33.546000+00:00,"63 km WNW of Ninilchik, Alaska",1.6,120.7,-152.676,60.317,0,,39
pr71527078,2026-08-02T05:54:57.320000+00:00,"0 km SE of Parcelas Peñuelas, Puerto Rico",2.22,16.18,-66.3366666666667,17.9926666666667,0,,76
ci40665066,2026-08-02T05:57:32.520000+00:00,"6 km NNE of Progreso, B.C., MX",1.38,6.24,-115.5595,32.6278333333333,0,,29
ci10247614,2026-08-02T05:58:15.270000+00:00,"13 km WNW of Progreso, B.C., MX",1.18,8.09,-115.716666666667,32.6148333333333,0,,21
ci40665074,2026-08-02T05:59:26.880000+00:00,"3 km SSE of Lake Henshaw, CA",0.51,19.49,-116.747166666667,33.2191666666667,0,,4
pr71527088,2026-08-02T05:59:34.020000+00:00,"3 km SSW of La Playa, Puerto Rico",3.16,99.81,-67.2018333333333,18.2618333333333,0,,154
av94351868,2026-08-02T06:03:38.210000+00:00,"66 km WNW of Anchor Point, Alaska",0.12,4.8,-152.939166666667,59.9873333333333,0,,0
nc75410002,2026-08-02T06:06:32.810000+00:00,"6 km WNW of Cobb, CA",1.58,1.85000002384186,-122.786666870117,38.8358345031738,0,,38
us6000timw,2026-08-02T06:14:15.466000+00:00,"Kermadec Islands, New Zealand",4.4,46.39,-177.6343,-29.6232,0,,298
us6000timv,2026-08-02T06:15:41.996000+00:00,"271 km SSW of ‘Ohonua, Tonga",4.5,10.0,-176.3083,-23.4417,0,,312
tx2026pbmdzs,2026-08-02T06:16:33.392000+00:00,"11 km S of Jal, New Mexico",1.0,5.9326,-103.208,32.008,0,,15
tx2026pbmgxg,2026-08-02T06:20:06.274000+00:00,"34 km ENE of McKinney Acres, Texas",1.3,8.5693,-102.173,32.37,0,,26
hv75011712,2026-08-02T06:30:15.960000+00:00,"44 km SE of Naalehu, Hawaii",2.74,8.24,-155.233,18.8355,0,,116
av94351918,2026-08-02T06:31:09.660000+00:00,"58 km ENE of Pedro Bay, Alaska",-0.41,8.05,-153.2245,60.0615,0,,0
aka2026pdxzbm,2026-08-02T06:39:02.892000+00:00,"38 km NW of Skwentna, Alaska",1.6,102.6,-151.811,62.279,0,,39
us6000tirb,2026-08-02T06:42:49.689000+00:00,"Rat Islands, Aleutian Islands, Alaska",2.9,10.868,178.1296,51.251,0,,129
nc75410007,2026-08-02T06:49:46.130000+00:00,"10 km WNW of Cobb, CA",0.46,0.75,-122.830665588379,38.8548316955566,0,,3
us6000timz,2026-08-02T06:53:45.773000+00:00,"18 km W of Sarangani, Philippines",4.3,21.508,125.2948,5.4051,0,,284
tx2026pbnkhy,2026-08-02T06:55:10.526000+00:00,"57 km NW of Toyah, Texas",1.7,5.1257,-104.28,31.629,0,,44
aka2026pdyorf,2026-08-02T06:57:03.160000+00:00,"69 km N of Yakutat, Alaska",1.6,1.1,-139.521,60.159,0,,39
aka2026pdypwo,2026-08-02T06:58:29.860000+00:00,"20 km W of Salamatof, Alaska",3.4,79.0,-151.687,60.622,0,8.0,180
ci40665082,2026-08-02T06:59:19.830000+00:00,"16 km SE of Anza, CA",0.97,10.64,-116.55,33.4538333333333,0,,14
ci40665090,2026-08-02T06:59:48.280000+00:00,"8 km N of Cabazon, CA",0.97,13.22,-116.770666666667,33.9916666666667,0,,14
us6000tin0,2026-08-02T07:04:28.285000+00:00,"42 km ENE of Dennery, Saint Lucia",4.4,10.0,-60.5302,14.0621,0,,298
aka2026pdzbkp,2026-08-02T07:11:34.318000+00:00,"15 km SSE of Denali Park, Alaska",1.4,7.4,-148.829,63.602,0,,30
tx2026pbobhe,2026-08-02T07:13:56.994000+00:00,"49 km SSE of Whites City, New Mexico",1.5,6.7792,-104.163,31.772,0,,35
aka2026pdzqpk,2026-08-02T07:29:16.626000+00:00,"27 km W of Salamatof, Alaska",1.6,77.8,-151.822,60.638,0,,39
tx2026pbopnj,2026-08-02T07:30:18.443000+00:00,"17 km ESE of Pearsall, Texas",2.1,6.9431,-98.941,28.809,0,,68
ci40665098,2026-08-02T07:37:12.960000+00:00,"5 km NNE of Progreso, B.C., MX",1.52,6.68,-115.568666666667,32.6228333333333,0,,36
ci40665106,2026-08-02T07:38:01.860000+00:00,"5 km E of Wofford Heights, CA",0.62,4.59,-118.4015,35.7008333333333,0,,6
av94352053,2026-08-02T07:38:34.430000+00:00,"67 km ENE of Pedro Bay, Alaska",-0.36,12.32,-152.996333333333,60.0351666666667,0,,0
ci40665114,2026-08-02T07:40:00.390000+00:00,"3 km S of Borrego Springs, CA",1.32,8.6,-116.375666666667,33.2301666666667,0,,27
tx2026pbpbti,2026-08-02T07:44:39.174000+00:00,"26 km SW of Garden City, Texas",0.1,6.5674,-101.703,31.718,0,,0
ci40665122,2026-08-02T07:46:59.090000+00:00,"10 km NE of Aguanga, CA",0.35,6.65,-116.784833333333,33.5003333333333,0,,2
aka2026peainn,2026-08-02T07:49:59.498000+00:00,"87 km SSW of Nikolski, Alaska",2.5,12.1,-169.491,52.254,0,,96
us6000tirf,2026-08-02T07:53:26.405000+00:00,"28 km NNW of Atka, Alaska",3.5,241.843,-174.4178,52.4114,0,,188
hv75011752,2026-08-02T07:55:52.120000+00:00,"2 km SE of Pāhala, Hawaii",1.55,40.07,-155.460833333333,19.1856666666667,0,,37
tx2026pbplyc,2026-08-02T07:56:30.622000+00:00,"35 km WSW of Ackerly, Texas",0.1,7.2021,-102.049,32.376,0,,0
tx2026pbpqto,2026-08-02T08:01:59.638000+00:00,"12 km SSW of Jal, New Mexico",1.5,5.5103,-103.249,32.011,0,,35
us6000tin1,2026-08-02T08:04:52.927000+00:00,"83 km E of Hanga Roa, Chile",4.5,10.0,-108.5917,-27.0583,0,,312
hv75011772,2026-08-02T08:15:03.400000+00:00,"13 km SW of Laupāhoehoe, Hawaii",1.9,38.2700004577637,-155.335494995117,19.9104995727539,0,,56
tx2026pbqffh,2026-08-02T08:18:40.289000+00:00,"13 km SE of Pearsall, Texas",1.3,7.9746,-98.99,28.807,0,,26
us6000thl7,2026-08-02T08:19:10.499000+00:00,"229 km ESE of Attu Station, Alaska",3.9,10.0,176.2896,52.0283,0,,234
us6000thl2,2026-08-02T08:22:06.843000+00:00,"155 km S of Severo-Kuril’sk, Russia",4.9,42.04,156.3251,49.2847,0,,369
av94352128,2026-08-02T08:22:53.720000+00:00,"83 km NW of Ninilchik, Alaska",-0.2,17.23,-152.900166666667,60.4821666666667,0,,0
aka2026pebqfi,2026-08-02T08:28:47.767000+00:00,"86 km NNW of Karluk, Alaska",0.6,5.0,-154.985,58.297,0,,6
us6000thl3,2026-08-02T08:35:27.743000+00:00,"12 km W of Hicks Bay, New Zealand",5.6,53.374,178.1622,-37.5922,0,24.0,494
nc75410012,2026-08-02T08:42:09.350000+00:00,"5 km WNW of The Geysers, CA",1.57,2.91000008583069,-122.813835144043,38.7968330383301,0,,38
av94352158,2026-08-02T08:49:03.210000+00:00,"79 km W of Adak, Alaska",1.78,-1.78,-177.792166666667,51.8543333333333,0,,49
us6000thl6,2026-08-02T08:49:52.218000+00:00,"80 km W of San Antonio de los Cobres, Argentina",4.5,167.674,-67.1048,-24.2872,0,,312
tx2026pbrgkg,2026-08-02T08:50:15.459000+00:00,"8 km SW of Forsan, Texas",1.0,8.7646,-101.431,32.055,0,,15
tx2026pbrhau,2026-08-02T08:50:57.190000+00:00,"12 km SSW of Jal, New Mexico",1.3,6.5613,-103.247,32.014,0,,26
tx2026pbrkfq,2026-08-02T08:54:47.080000+00:00,"12 km SSW of Jal, New Mexico",1.3,2.2034,-103.238,32.01,0,,26
nc75410017,2026-08-02T08:55:38.410000+00:00,"5 km WNW of The Geysers, CA",1.26,2.89000010490417,-122.813003540039,38.7985000610352,0,,24
hv75011787,2026-08-02T08:57:34.630000+00:00,"2 km SW of Pāhala, Hawaii",1.73,28.0799999237061,-155.494995117188,19.1814994812012,0,,46
tx2026pbroog,2026-08-02T08:59:42.390000+00:00,"12 km SSW of Jal, New Mexico",1.1,6.0999,-103.24,32.004,0,,19
aka2026pecwkt,2026-08-02T09:05:57.878000+00:00,"15 km NNW of Chignik Lagoon, Alaska",3.6,5.0,-158.647,56.427,0,2.0,200
tx2026pbrxdx,2026-08-02T09:09:54.872000+00:00,"11 km SSW of Jal, New Mexico",1.2,1.947,-103.238,32.017,0,,22
us6000tirg,2026-08-02T09:12:05.555000+00:00,"148 km S of False Pass, Alaska",2.8,10.0,-163.2611,53.5268,0,,121
us6000thlb,2026-08-02T09:17:11.170000+00:00,north of Ascension Island,5.0,10.0,-12.1915,-3.3087,0,,385
hv75011797,2026-08-02T09:20:44.970000+00:00,"3 km SW of Pāhala, Hawaii",1.89,32.1,-155.503666666667,19.1796666666667,0,,55
tx2026pbspev,2026-08-02T09:30:36.298000+00:00,"12 km ESE of Pearsall, Texas",1.7,6.6586,-98.982,28.845,0,,44
tx2026pbspym,2026-08-02T09:31:28.632000+00:00,"10 km ESE of Pearsall, Texas",1.7,9.8105,-98.992,28.868,0,,44
ci40665130,2026-08-02T09:31:44.770000+00:00,"7 km SW of Idyllwild, CA",2.24,16.21,-116.776833333333,33.7048333333333,0,2.0,78
hv75011802,2026-08-02T09:39:22.470000+00:00,"13 km NE of Hawaiian Ocean View, Hawaii",1.95,8.24,-155.694166666667,19.1681666666667,0,,58
ci40665138,2026-08-02T09:43:42.110000+00:00,"8 km NNE of Pala, CA",0.61,8.5,-117.032,33.4271666666667,0,,6
aka2026peefxz,2026-08-02T09:46:52.258000+00:00,"61 km NNE of Petersville, Alaska",2.0,105.1,-150.453,63.025,0,,62
nc75410027,2026-08-02T09:47:03.270000+00:00,"1 km WNW of The Geysers, CA",0.81,3.44000005722046,-122.768501281738,38.7821655273438,0,,10
aka2026peegxe,2026-08-02T09:48:01.563000+00:00,"26 km WNW of Susitna, Alaska",1.8,73.1,-150.985,61.633,0,,50
nc75410032,2026-08-02T09:49:39.680000+00:00,"1 km WNW of The Geysers, CA",1.02,3.67000007629395,-122.769332885742,38.780834197998,0,,16
aka2026peeqgh,2026-08-02T09:59:21.158000+00:00,"33 km WNW of Nanwalek, Alaska",1.9,67.0,-152.425,59.515,0,,56
us6000thlf,2026-08-02T10:00:08.813000+00:00,"14 km SE of Honmachi, Japan",4.6,10.0,130.6919,32.3966,0,2.0,326
av94352283,2026-08-02T10:01:14.890000+00:00,"57 km ENE of Pedro Bay, Alaska",-0.76,10.58,-153.157333333333,59.9748333333333,0,,0
tx2026pbtrfy,2026-08-02T10:03:11.789000+00:00,"12 km SSW of Jal, New Mexico",1.7,7.0227,-103.244,32.006,0,,44
av94352293,2026-08-02T10:07:25.770000+00:00,"70 km W of Salamatof, Alaska",-0.09,4.16,-152.600333333333,60.5458333333333,0,,0
ok2026ozyf,2026-08-02T10:08:15.689000+00:00,"2 km SE of Chickasha, Oklahoma",1.44,9.71,-97.91516667,35.03283333,0,,32
us6000tin4,2026-08-02T10:10:36.633000+00:00,"13 km NNW of China, Japan",4.3,61.951,128.5322,27.4479,0,,284
us6000tin5,2026-08-02T10:16:18.837000+00:00,south of Tonga,4.5,10.0,-175.9373,-25.1457,0,,312
aka2026peffuy,2026-08-02T10:16:45.502000+00:00,"45 km WNW of Nanwalek, Alaska",1.8,75.3,-152.607,59.576,0,,50
av94352333,2026-08-02T10:31:44.170000+00:00,"16 km NNE of Ivanof Bay, Alaska",-0.05,13.29,-159.383,56.038,0,,0
av94352338,2026-08-02T10:33:43.160000+00:00,"66 km ENE of Pedro Bay, Alaska",-0.69,-0.51,-153.040333333333,60.0413333333333,0,,0
us6000thlj,2026-08-02T10:34:14.336000+00:00,"251 km S of ‘Ohonua, Tonga",5.3,10.0,-175.0368,-23.6117,0,,432
av94352353,2026-08-02T10:41:48.260000+00:00,"66 km N of Karluk, Alaska",0.3,4.42,-154.356333333333,58.1668333333333,0,,1
ci40665146,2026-08-02T10:45:25.040000+00:00,"8 km WNW of Camp Pendleton South, CA",2.14,16.04,-117.455666666667,33.2551666666667,0,,70
nc75410037,2026-08-02T10:58:21.510000+00:00,"9 km NW of The Geysers, CA",0.7,1.97000002861023,-122.845336914062,38.8248329162598,0,,8
us7000tcc4,2026-08-02T11:00:15.212000+00:00,"20 km SSE of Stonewall Gap, Colorado",0.8,5.0,-104.9692,36.9777,0,,10
ok2026ozzz,2026-08-02T11:01:59.939000+00:00,"1 km S of Chickasha, Oklahoma",0.62,8.98,-97.935,35.035,0,,6
ci40665154,2026-08-02T11:04:19.210000+00:00,"6 km ENE of Coso Junction, CA",0.78,1.98,-117.883833333333,36.0575,0,,9
nc75410042,2026-08-02T11:05:17.920000+00:00,"9 km NW of Redwood Valley, CA",1.08,5.85,-123.2735,39.3208333333333,0,,18
ci40665170,2026-08-02T11:09:11.300000+00:00,"17 km WSW of Johannesburg, CA",0.94,7.96,-117.803166666667,35.3161666666667,0,,14
aka2026pehkne,2026-08-02T11:22:09.276000+00:00,"55 km SSW of Nikolski, Alaska",2.3,67.6,-169.169,52.474,0,,81
nc75410047,2026-08-02T11:31:39.680000+00:00,"4 km ENE of Saint Helena, CA",1.07,7.09,-122.4305,38.512,0,,18
ci40665178,2026-08-02T11:34:47.350000+00:00,"4 km SW of Aguanga, CA",0.35,8.09,-116.902166666667,33.4186666666667,0,,2
aka2026peiawh,2026-08-02T11:41:02.126000+00:00,"33 km N of Karluk, Alaska",1.1,66.4,-154.397,57.872,0,,19
nc75410052,2026-08-02T11:44:56.010000+00:00,"7 km WSW of Danville, CA",0.8,10.31,-122.068666666667,37.7903333333333,0,,10
us6000thly,2026-08-02T11:52:32.671000+00:00,north of Ascension Island,5.3,10.0,-12.2406,-3.2242,0,,432
av94352473,2026-08-02T11:52:49.340000+00:00,"71 km WSW of Nikolski, Alaska",0.75,11.14,-169.894,52.7866666666667,0,,9
ci40665186,2026-08-02T11:54:44.780000+00:00,"15 km NE of Little Lake, CA",0.83,1.71,-117.776,36.0253333333333,0,,11
aka2026peimza,2026-08-02T11:54:57.189000+00:00,"20 km S of Venetie, Alaska",1.5,2.0,-146.459,66.834,0,,35
ci10247606,2026-08-02T11:55:01.800000+00:00,"15 km NE of Little Lake, CA",0.37,2.14,-117.778166666667,36.0245,0,,2
aka2026peirfj,2026-08-02T11:59:55.131000+00:00,"66 km SE of King Cove, Alaska",2.3,17.3,-161.652,54.601,0,,81
tx2026pbxsnj,2026-08-02T12:05:20.591000+00:00,"12 km SSW of Jal, New Mexico",1.1,6.2537,-103.243,32.005,0,,19
ci40665194,2026-08-02T12:14:02.190000+00:00,"11 km N of Borrego Springs, CA",0.24,14.49,-116.3655,33.3526666666667,0,,1
uu80146906,2026-08-02T12:14:27.140000+00:00,"14 km NE of Milford, Utah",0.89,3.53,-112.910333333333,38.4998333333333,0,,12
tx2026pbyhhy,2026-08-02T12:22:31.083000+00:00,"48 km SSW of Whites City, New Mexico",1.1,1.9214,-104.524,31.76,0,,19
aka2026pejnwj,2026-08-02T12:25:58.314000+00:00,"56 km ENE of Ferry, Alaska",1.9,112.4,-148.012,64.164,0,,56
av94352513,2026-08-02T12:26:01.120000+00:00,"17 km NW of Ivanof Bay, Alaska",0.19,3.48,-159.699666666667,56.0006666666667,0,,1
ci40665202,2026-08-02T12:30:36.190000+00:00,"20 km SW of Little Lake, CA",0.44,7.88,-118.043833333333,35.7985,0,,3
us6000tin9,2026-08-02T12:36:50.788000+00:00,south of Tonga,4.6,10.0,-175.2185,-24.7508,0,,326
nc75410062,2026-08-02T12:36:57.210000+00:00,"6 km NNW of Pinnacles, CA",3.36,3.44,-121.181666666667,36.5786666666667,0,19.0,181
nc75410067,2026-08-02T12:51:03.180000+00:00,"10 km ESE of Gilroy, CA",0.94,9.65,-121.459833333333,36.9725,0,,14
nc75410072,2026-08-02T12:55:54.520000+00:00,"8 km NW of The Geysers, CA",1.02,1.5,-122.813331604004,38.8303337097168,0,,16
aka2026pekqhi,2026-08-02T12:58:51.223000+00:00,"51 km W of Aleneva, Alaska",1.6,72.5,-153.784,58.066,0,,39
nc75410077,2026-08-02T13:01:51.140000+00:00,"6 km NNW of Pinnacles, CA",1.31,3.25,-121.175333333333,36.579,0,,26
us6000tina,2026-08-02T13:06:19.694000+00:00,"11 km SE of Parapat, Indonesia",4.1,158.642,98.9984,2.576,0,,259
us6000thm1,2026-08-02T13:10:46.579000+00:00,"79 km ENE of Mulegé, Mexico",5.1,10.0,-111.2632,27.2104,0,,400
nc75410082,2026-08-02T13:11:02.130000+00:00,"7 km NNW of Pinnacles, CA",1.43,3.3,-121.171,36.5881666666667,0,,31
nc75410087,2026-08-02T13:13:55.150000+00:00,"3 km W of Pinnacles, CA",0.95,3.89,-121.174,36.5351666666667,0,,14
nc75410092,2026-08-02T13:18:57.110000+00:00,"3 km SE of The Geysers, CA",1.1,1.76999998092651,-122.731330871582,38.7588348388672,0,,19
nc75410097,2026-08-02T13:21:28.750000+00:00,"6 km NNW of Pinnacles, CA",1.75,3.23,-121.1765,36.5766666666667,0,,47
nc75410102,2026-08-02T13:27:52.820000+00:00,"8 km NW of The Geysers, CA",0.67,1.91999995708466,-122.814834594727,38.8320007324219,0,,7
us6000thm3,2026-08-02T13:28:15.533000+00:00,"255 km ESE of Chiniak, Alaska",3.1,10.0,-148.7275,56.3928,0,,148
nc75410107,2026-08-02T13:28:20.980000+00:00,"8 km NW of The Geysers, CA",0.8,1.57000005245209,-122.813835144043,38.8310012817383,0,,10
nc75410112,2026-08-02T13:28:26.370000+00:00,"7 km NW of Pinnacles, CA",1.31,1.79,-121.195833333333,36.5741666666667,0,,26
av94352638,2026-08-02T13:35:56.260000+00:00,"62 km WNW of Tyonek, Alaska",-0.4,10.05,-152.215166666667,61.278,0,,0
ci40665226,2026-08-02T13:37:49.530000+00:00,"13 km WNW of Lake Isabella, CA",0.75,8.84,-118.611666666667,35.6598333333333,0,,9
ci40665234,2026-08-02T13:46:07.620000+00:00,"14 km NW of Bodfish, CA",1.5,8.38,-118.618666666667,35.6593333333333,0,,35
aka2026pemlao,2026-08-02T13:52:40.942000+00:00,"96 km NNW of Karluk, Alaska",1.6,124.9,-155.113,58.357,0,,39
nc75410122,2026-08-02T14:04:02.690000+00:00,"6 km WNW of Cobb, CA",1.09,1.58000004291534,-122.78800201416,38.8348350524902,0,,18
tx2026pcbrbl,2026-08-02T14:04:25.145000+00:00,"57 km S of Whites City, New Mexico",1.5,6.1383,-104.395,31.658,0,,35
av94352673,2026-08-02T14:09:47.570000+00:00,"65 km W of Happy Valley, Alaska",-0.12,10.23,-152.895666666667,60.0443333333333,0,,0
nc75410132,2026-08-02T14:14:19.220000+00:00,"6 km NW of Pinnacles, CA",2.03,2.39,-121.190666666667,36.576,0,,63
us6000thm6,2026-08-02T14:17:36.726000+00:00,"72 km NW of Ende, Indonesia",4.6,10.0,121.1954,-8.3793,0,,326
tx2026pcciue,2026-08-02T14:25:02.371000+00:00,"32 km SSE of Malaga, New Mexico",1.1,7.6251,-103.898,31.971,0,,19
tx2026pcckee,2026-08-02T14:26:24.725000+00:00,"32 km SSE of Malaga, New Mexico",0.8,8.3557,-103.899,31.97,0,,10
us6000thm7,2026-08-02T14:31:43.060000+00:00,"202 km NW of Oula Xiuma, China",4.9,10.0,99.3961,35.3877,0,,369
ci40665250,2026-08-02T14:34:17.630000+00:00,"12 km E of Julian, CA",0.78,3.06,-116.473333333333,33.0711666666667,0,,9
us6000tinc,2026-08-02T14:37:17.031000+00:00,"197 km SW of Xihai, China",4.4,10.0,99.4762,35.563,0,,298
aka2026penyjp,2026-08-02T14:38:01.223000+00:00,"27 km WNW of Dutch Harbor, Alaska",1.8,167.8,-166.919,53.999,0,,50
nc75410137,2026-08-02T14:42:05.100000+00:00,"3 km WNW of Anderson Springs, CA",0.84,1.87999999523163,-122.722831726074,38.7809982299805,0,,11
tx2026pccyxd,2026-08-02T14:43:36.519000+00:00,"35 km SE of Malaga, New Mexico",1.1,7.8558,-103.791,32.011,0,,19
aka2026peodju,2026-08-02T14:43:59.735000+00:00,"102 km SSW of False Pass, Alaska",2.3,28.2,-163.758,53.956,0,,81
nc75410142,2026-08-02T14:47:57.610000+00:00,"7 km NW of The Geysers, CA",1.53,3.23000001907349,-122.800834655762,38.8245010375977,0,,36
us6000thm9,2026-08-02T14:49:47.039000+00:00,"18 km NNE of Urakawa, Japan",4.8,58.692,142.9048,42.299,0,2.0,355
tx2026pcdgqf,2026-08-02T14:54:44.462000+00:00,"58 km S of Whites City, New Mexico",1.5,7.8815,-104.288,31.654,0,,35
nc75410147,2026-08-02T15:02:53.520000+00:00,"7 km NW of The Geysers, CA",1.08,3.19000005722046,-122.80233001709,38.8240013122559,0,,18
hv75011887,2026-08-02T15:12:02.790000+00:00,"21 km ENE of Honaunau-Napoopoo, Hawaii",1.98,-3.38,-155.681666666667,19.551,0,,60
aka2026pepdxf,2026-08-02T15:14:25.308000+00:00,"88 km ESE of Egegik, Alaska",1.4,10.2,-155.947,57.967,0,,30
tx2026pcehjl,2026-08-02T15:23:35.276000+00:00,"13 km E of Pearsall, Texas",1.4,8.9244,-98.963,28.876,0,,30
av94352748,2026-08-02T15:25:56.220000+00:00,"71 km W of Salamatof, Alaska",0.3,11.58,-152.631333333333,60.6131666666667,0,,1
av94352758,2026-08-02T15:33:58.060000+00:00,"86 km NNW of Karluk, Alaska",-0.28,3.11,-154.9855,58.2968333333333,0,,0
us6000thmd,2026-08-02T15:35:31.146000+00:00,south of Tonga,5.0,10.0,-175.1319,-24.9401,0,,385
uu80146921,2026-08-02T15:38:09.730000+00:00,"12 km NE of Milford, Utah",0.87,0.06,-112.907166666667,38.4786666666667,0,,12
aka2026peqdzy,2026-08-02T15:44:30.807000+00:00,"59 km SW of Skwentna, Alaska",0.8,10.7,-152.063,61.557,0,,10
ci40665258,2026-08-02T15:48:36.900000+00:00,"14 km WNW of Lake Isabella, CA",1.49,8.34,-118.618,35.6616666666667,0,,34
tx2026pcfqkp,2026-08-02T16:04:17.331000+00:00,"17 km N of Snyder, Texas",0.5,4.7607,-100.93,32.879,0,,4
ok2026paka,2026-08-02T16:06:05.389000+00:00,"1 km S of Chickasha, Oklahoma",0.83,10.3,-97.93783333,35.04216667,0,,11
us6000tivc,2026-08-02T16:08:59.800000+00:00,"78 km S of Atka, Alaska",2.8,10.0,-174.1338,51.4876,0,,121
us6000thmh,2026-08-02T16:09:30.414000+00:00,"7 km NW of Belén, Nicaragua",4.6,135.313,-85.9413,11.549,0,,326
nc75410157,2026-08-02T16:10:48.590000+00:00,"9 km NW of The Geysers, CA",0.72,2.92000007629395,-122.835998535156,38.8253326416016,0,,8
ci40665266,2026-08-02T16:13:17.300000+00:00,"24 km SSE of Porterville, CA",2.17,12.03,-118.928333333333,35.8653333333333,0,,72
aka2026perdcv,2026-08-02T16:13:28.001000+00:00,"35 km NE of Paxson, Alaska",2.2,3.4,-145.209,63.354,0,,74
av94352813,2026-08-02T16:15:55.330000+00:00,"66 km ENE of Pedro Bay, Alaska",-1.01,1.31,-153.047166666667,60.054,0,,0
aka2026perhsp,2026-08-02T16:18:47.493000+00:00,"55 km E of Denali National Park, Alaska",1.7,10.2,-150.617,63.556,0,,44
us6000thmn,2026-08-02T16:26:58.814000+00:00,"147 km SSE of Sarangani, Philippines",4.7,10.575,126.0831,4.226,0,,340
us6000thmm,2026-08-02T16:27:50.154000+00:00,"225 km ESE of Attu Station, Alaska",4.1,10.0,176.3961,52.3037,0,,259
ci40665274,2026-08-02T16:29:43.250000+00:00,"4 km WSW of Anza, CA",0.21,5.55,-116.710333333333,33.5423333333333,0,,1
us6000thmq,2026-08-02T16:42:56.886000+00:00,"25 km ENE of King Cove, Alaska",3.6,103.923,-161.9305,55.13,0,,199
tx2026pchgjf,2026-08-02T16:52:58.004000+00:00,"31 km E of McKinney Acres, Texas",1.8,8.4717,-102.196,32.297,0,,50
av94352878,2026-08-02T17:00:27.680000+00:00,"86 km NNW of Karluk, Alaska",-0.42,3.21,-154.990833333333,58.295,0,,0
us6000thmt,2026-08-02T17:09:44.170000+00:00,"85 km ENE of Alianza Cristiana, Peru",4.3,140.288,-75.7595,-3.1069,0,,284
us6000thmv,2026-08-02T17:12:35.137000+00:00,"24 km NNW of Riosucio, Colombia",4.4,34.424,-77.1911,7.6498,0,,298
uw714069491,2026-08-02T17:12:39.340000+00:00,"7 km SE of Mossyrock, Washington",0.7,9.22,-122.414166666667,46.4855,0,,8
aka2026petrna,2026-08-02T17:30:02.479000+00:00,"23 km ESE of False Pass, Alaska",2.0,88.1,-163.095,54.75,0,,62
aka2026petwgx,2026-08-02T17:35:32.356000+00:00,"52 km ESE of Denali Park, Alaska",2.1,1.4,-147.924,63.569,0,,68
aka2026peuazk,2026-08-02T17:41:18.239000+00:00,"66 km S of Sand Point, Alaska",2.3,13.9,-160.605,54.738,0,,81
nc75410197,2026-08-02T17:53:27.640000+00:00,"7 km NW of The Geysers, CA",1.06,2.88000011444092,-122.802169799805,38.8245010375977,0,,17
tx2026pcjivl,2026-08-02T17:56:19.448000+00:00,"44 km NW of Toyah, Texas",2.0,6.1383,-104.112,31.614,0,,62
ci40665290,2026-08-02T18:13:43.330000+00:00,"16 km SW of Lamont, CA",1.09,10.42,-119.058,35.1693333333333,0,,18
nm60626146,2026-08-02T18:15:02.910000+00:00,"4 km S of Bernie, Missouri",1.3,7.94,-89.9715,36.624,0,,26
hv75011957,2026-08-02T18:15:15.290000+00:00,"25 km NNW of Pāhala, Hawaii",1.37,44.67,-155.5875,19.412,0,,29
av94353003,2026-08-02T18:15:25.110000+00:00,"66 km WNW of Beluga, Alaska",-0.68,3.19,-152.248833333333,61.3543333333333,0,,0
ci40665298,2026-08-02T18:16:18.530000+00:00,"23 km N of Searles Valley, CA",1.05,1.78,-117.3845,35.9696666666667,0,,17
aka2026pevjsi,2026-08-02T18:20:57.373000+00:00,"39 km W of Anchor Point, Alaska",1.5,90.8,-152.525,59.741,0,,35
us6000thn0,2026-08-02T18:21:45.760000+00:00,"8 km NNE of Xunchang, China",5.0,10.0,104.7446,28.5301,0,,385
nc75410207,2026-08-02T18:22:02.230000+00:00,"7 km WNW of Cobb, CA",1.03,2.0699999332428,-122.807662963867,38.8359985351562,0,,16
us6000thn1,2026-08-02T18:31:33.364000+00:00,"220 km ESE of Attu Station, Alaska",4.3,10.0,176.2624,52.2109,0,,284
nc75410217,2026-08-02T18:36:00.630000+00:00,"10 km WNW of The Geysers, CA",1.09,2.41000008583069,-122.855834960938,38.8269996643066,0,,18
nc75410227,2026-08-02T18:37:20.450000+00:00,"29 km WNW of San Simeon, CA",1.91,3.08,-121.508333333333,35.6955,0,,56
nc75410222,2026-08-02T18:37:32.790000+00:00,"7 km NW of Pinnacles, CA",2.09,2.62,-121.191333333333,36.5793333333333,0,1.0,67
nc75410232,2026-08-02T18:39:59.860000+00:00,"6 km NW of Pinnacles, CA",1.89,2.8,-121.186,36.5768333333333,0,,55
nc75410237,2026-08-02T18:42:19.400000+00:00,"5 km NW of Pinnacles, CA",1.79,2.96,-121.174666666667,36.5643333333333,0,,49
aka2026pewddv,2026-08-02T18:43:27.764000+00:00,"92 km E of Nikolski, Alaska",2.0,43.1,-167.498,52.843,0,,62
us6000tinj,2026-08-02T18:45:58.631000+00:00,Kermadec Islands region,4.5,10.0,-176.4003,-28.4122,0,,312
nc75410242,2026-08-02T18:46:30.630000+00:00,"6 km NNE of Pinnacles, CA",0.74,4.06,-121.121833333333,36.5795,0,,8
tx2026pclayk,2026-08-02T18:47:22.616000+00:00,"7 km NE of Odessa, Texas",0.9,3.0518,-102.323,31.902,0,,12
aka2026pewhxm,2026-08-02T18:48:56.498000+00:00,"14 km NNW of Sterling, Alaska",1.9,53.0,-150.873,60.654,0,,56
nc75410247,2026-08-02T19:04:54.540000+00:00,"5 km WNW of Cobb, CA",0.77,1.72000002861023,-122.781829833984,38.8359985351562,0,,9
ci40665314,2026-08-02T19:09:45.300000+00:00,"4 km SSW of Castaic, CA",1.91,8.08,-118.638166666667,34.4598333333333,0,,56
ci40665322,2026-08-02T19:21:13.530000+00:00,"21 km ESE of Anza, CA",0.53,11.83,-116.465833333333,33.4855,0,,4
ci10247630,2026-08-02T19:21:26.420000+00:00,"21 km ESE of Anza, CA",0.13,14.12,-116.459166666667,33.4953333333333,0,,0
tx2026pcmkfc,2026-08-02T19:28:19.909000+00:00,"14 km WSW of Stanton, Texas",0.5,8.7646,-101.933,32.099,0,,4
us6000tink,2026-08-02T19:29:23.669000+00:00,"2 km ENE of Qingfu, China",4.3,10.0,104.5433,28.4435,0,,284
ci40665330,2026-08-02T19:30:11.210000+00:00,"21 km ESE of Anza, CA",0.64,11.66,-116.465333333333,33.4845,0,,6
tx2026pcmpht,2026-08-02T19:34:11.894000+00:00,"25 km SW of Garden City, Texas",0.5,8.3252,-101.699,31.724,0,,4
tx2026pcmtwa,2026-08-02T19:39:28.943000+00:00,"54 km NW of Toyah, Texas",1.5,6.7151,-104.207,31.649,0,,35
aka2026peyggc,2026-08-02T19:46:57.401000+00:00,"60 km WNW of Nikiski, Alaska",1.4,100.4,-152.256,60.951,0,,30
us6000tivk,2026-08-02T19:49:58.943000+00:00,"167 km WSW of Adak, Alaska",2.8,28.86,-178.8989,51.3381,0,,121
ci40665338,2026-08-02T19:53:54.610000+00:00,"7 km S of Idyllwild, CA",0.44,15.65,-116.708666666667,33.6821666666667,0,,3
us6000tinl,2026-08-02T19:54:02.212000+00:00,"14 km SE of Baixi, China",4.2,10.0,104.644,28.5952,0,,271
nc75410257,2026-08-02T20:00:20.010000+00:00,"7 km NNW of Pinnacles, CA",1.14,4.11,-121.171,36.589,0,,20
us6000thna,2026-08-02T20:02:10.849000+00:00,"73 km SSE of Shikotan, Russia",4.5,35.0,147.0047,43.1737,0,,312
us6000tivl,2026-08-02T20:08:50.380000+00:00,"38 km SE of Nikolski, Alaska",2.6,35.0,-168.4025,52.7291,0,,104
tx2026pcnvlp,2026-08-02T20:11:30.837000+00:00,"18 km N of Snyder, Texas",0.7,4.4189,-100.925,32.883,0,,8
aka2026pezear,2026-08-02T20:14:25.165000+00:00,"80 km SSE of Ugashik, Alaska",1.7,94.1,-157.025,56.817,0,,44
tx2026pcoaoe,2026-08-02T20:17:28.869000+00:00,"14 km SE of Pearsall, Texas",1.4,6.9297,-98.991,28.804,0,,30
aka2026pezhxt,2026-08-02T20:18:52.501000+00:00,"64 km W of Happy Valley, Alaska",1.4,111.2,-152.881,60.035,0,,30
nc75410272,2026-08-02T20:25:24.840000+00:00,"25 km W of Petrolia, CA",2.33,10.45,-124.579,40.309,0,,84
nc75006498,2026-08-02T20:25:53.150000+00:00,"4 km WNW of The Geysers, CA",1.77,2.32,-122.799166666667,38.7981666666667,0,,48
av94353298,2026-08-02T20:30:28.320000+00:00,"72 km NW of Ninilchik, Alaska",-0.25,21.44,-152.644,60.4786666666667,0,,0
hv75011992,2026-08-02T20:41:21.480000+00:00,"2 km SW of Pāhala, Hawaii",1.54,30.84,-155.493333333333,19.1866666666667,0,,36
us6000thng,2026-08-02T20:53:30.262000+00:00,"7 km SSW of Fiambalá, Argentina",4.3,140.357,-67.6577,-27.7343,0,,284
nc75410277,2026-08-02T21:00:05.020000+00:00,"5 km WNW of Cobb, CA",0.18,2.61,-122.778333333333,38.8396666666667,0,,0
nc75410282,2026-08-02T21:00:42.360000+00:00,"6 km WNW of The Geysers, CA",0.78,3.38000011444092,-122.811668395996,38.8021659851074,0,,9
aka2026pfbaxt,2026-08-02T21:10:48.117000+00:00,"38 km S of Manley Hot Springs, Alaska",1.0,10.3,-150.666,64.66,0,,15
av94353343,2026-08-02T21:11:06.320000+00:00,"69 km WNW of Tyonek, Alaska",-0.51,4.13,-152.355166666667,61.2815,0,,0
ok2026paul,2026-08-02T21:22:07.099000+00:00,"6 km WSW of Marshall, Oklahoma",1.55,14.56,-97.69666667,36.13866667,0,,37
us6000tinm,2026-08-02T21:22:16.837000+00:00,"54 km NE of Tulsīpur, Nepal",4.0,19.476,82.6058,28.5389,0,,246
nc75410292,2026-08-02T21:36:30.640000+00:00,"5 km NNW of Pinnacles, CA",2.06,3.47,-121.174833333333,36.5738333333333,0,,65
uw714069661,2026-08-02T21:41:13.600000+00:00,"40 km NE of Amboy, Washington",0.25,6.75,-122.146,46.2041666666667,0,,1
nc75410297,2026-08-02T21:46:20.920000+00:00,"6 km WNW of Cobb, CA",1.02,1.37999999523163,-122.784164428711,38.837833404541,0,,16
hv75012002,2026-08-02T21:55:08.990000+00:00,"7 km NNE of Pāhala, Hawaii",1.9,1.56,-155.450333333333,19.2686666666667,0,,56
nc75410302,2026-08-02T21:58:13.170000+00:00,"6 km NW of Pinnacles, CA",1.18,3.53,-121.183333333333,36.577,0,,21
nc75410307,2026-08-02T21:59:08.440000+00:00,"9 km NW of Dixon Lane-Meadow Creek, CA",1.66,4.09,-118.486166666667,37.4411666666667,0,,42
uw714069701,2026-08-02T21:59:25.030000+00:00,"2 km E of Oak Harbor, Washington",1.22,24.86,-122.604833333333,48.2881666666667,0,,23
nc75410312,2026-08-02T22:01:27.360000+00:00,"5 km NW of Pinnacles, CA",0.98,3.87,-121.178166666667,36.571,0,,15
nc75006508,2026-08-02T22:01:34.780000+00:00,"6 km NW of Pinnacles, CA",1.18,3.95,-121.180166666667,36.5718333333333,0,,21
aka2026pfcuob,2026-08-02T22:03:26.332000+00:00,"86 km ENE of Chignik, Alaska",3.4,68.8,-157.164,56.656,0,,178
aka2026pfcxij,2026-08-02T22:06:39.554000+00:00,"59 km S of Nikolski, Alaska",2.3,28.0,-168.755,52.412,0,,81
us6000thnw,2026-08-02T22:07:05.204000+00:00,"17 km E of Calingasta, Argentina",4.1,116.929,-69.2412,-31.3576,0,,259
aka2026pfcyfv,2026-08-02T22:07:40.468000+00:00,"52 km E of Red Dog Mine, Alaska",2.5,1.2,-161.646,67.965,0,,96
nc75410322,2026-08-02T22:07:48.280000+00:00,"6 km NNW of Pinnacles, CA",0.75,3.36,-121.178833333333,36.5771666666667,0,,9
nc75410327,2026-08-02T22:08:11.980000+00:00,"7 km NW of Pinnacles, CA",0.73,2.83,-121.192,36.576,0,,8
us6000tinn,2026-08-02T22:14:33.788000+00:00,"134 km ESE of Teluk Dalam, Indonesia",4.4,45.095,98.9508,0.2025,0,,298
hv75012012,2026-08-02T22:15:09.470000+00:00,"1 km SW of Pāhala, Hawaii",2.05,33.01,-155.485833333333,19.1955,0,,65
nc75410332,2026-08-02T22:16:19.170000+00:00,"6 km NW of Pinnacles, CA",1.53,2.46,-121.190333333333,36.5746666666667,0,,36
aka2026pfdjdg,2026-08-02T22:20:14.613000+00:00,"48 km NW of Karluk, Alaska",1.5,85.8,-155.028,57.873,0,,35
us6000tinr,2026-08-02T22:22:08.633000+00:00,"13 km ESE of Hinundayan, Philippines",4.4,10.0,125.3526,10.287,0,,298
us6000tinp,2026-08-02T22:23:54.459000+00:00,"217 km SSE of Vilyuchinsk, Russia",4.0,10.0,159.76,51.1686,0,,246
aka2026pfduvu,2026-08-02T22:33:45.252000+00:00,"85 km NNW of Karluk, Alaska",0.6,5.0,-154.959,58.293,0,,6
us6000tinq,2026-08-02T22:38:42.089000+00:00,"210 km SSE of Vilyuchinsk, Russia",4.2,10.0,159.5128,51.1648,0,,271
ci40665354,2026-08-02T22:41:07.760000+00:00,"7 km NNE of Progreso, B.C., MX",1.38,5.13,-115.558166666667,32.6348333333333,0,,29
av94353508,2026-08-02T22:41:10.860000+00:00,"64 km NE of Pedro Bay, Alaska",0.42,6.46,-153.1485,60.118,0,,3
us6000thp0,2026-08-02T22:48:37.577000+00:00,"11 km WSW of Sarangani, Philippines",4.5,67.847,125.3647,5.37,0,,312
aka2026pfekcz,2026-08-02T22:51:21.820000+00:00,"12 km SW of Point Possession, Alaska",1.5,0.2,-150.833,60.838,0,,35
mb90204108,2026-08-02T22:53:42.100000+00:00,"7 km WSW of Condon, Montana",0.55,16.54,-113.8135,47.5098333333333,0,,5
uw714069721,2026-08-02T22:58:12.230000+00:00,"39 km NE of Amboy, Washington",-0.04,7.27,-122.151166666667,46.2026666666667,0,,0
ci40665362,2026-08-02T23:00:49.860000+00:00,"7 km WSW of Anza, CA",0.5,4.07,-116.741666666667,33.5251666666667,0,,4
hv75012027,2026-08-02T23:04:57.960000+00:00,"10 km WNW of Kukuihaele, Hawaii",2.49,12.56,-155.665,20.1591666666667,0,1.0,96
nc75410357,2026-08-02T23:07:18.030000+00:00,"6 km NNW of The Geysers, CA",1.07,2.78999996185303,-122.792663574219,38.8216667175293,0,,18
uu80146936,2026-08-02T23:18:34.900000+00:00,"14 km NE of Milford, Utah",1.27,4.35,-112.907666666667,38.5036666666667,0,,25
tx2026pcuhay,2026-08-02T23:25:58.700000+00:00,"30 km E of McKinney Acres, Texas",0.5,8.667,-102.203,32.297,0,,4
tx2026pcukoq,2026-08-02T23:30:03.433000+00:00,"14 km SE of Pearsall, Texas",1.9,7.2437,-98.988,28.804,0,,56
us6000thp6,2026-08-02T23:35:57.347000+00:00,"212 km SSE of Vilyuchinsk, Russia",4.4,10.0,159.9256,51.264,0,,298
ci40665386,2026-08-02T23:40:05.150000+00:00,"9 km NNE of San Dimas, CA",1.19,13.17,-117.783,34.187,0,,22
ci40665394,2026-08-02T23:44:31.970000+00:00,"24 km WSW of Westmorland, CA",2.95,11.09,-115.860166666667,32.9625,0,2.0,134
uw714069821,2026-08-02T23:52:10.400000+00:00,"38 km NE of Amboy, Washington",0.12,6.31,-122.156,46.1966666666667,0,,0
tx2026pcvizf,2026-08-02T23:58:39.674000+00:00,"57 km S of Whites City, New Mexico",1.6,4.8694,-104.42,31.661,0,,39
aka2026pfgrzb,2026-08-03T00:00:24.428000+00:00,"42 km S of Nelchina, Alaska",1.8,35.3,-146.695,61.612,0,,50
us6000thpb,2026-08-03T00:00:33.315000+00:00,"42 km NNE of Suez, Egypt",5.0,10.0,32.6285,30.3456,0,427.0,585
pr71527163,2026-08-03T00:01:49.780000+00:00,"12 km NNE of Charlotte Amalie, U.S. Virgin Islands",3.11,54.94,-64.8813333333333,18.4491666666667,0,,149
aka2026pfgzos,2026-08-03T00:09:09.647000+00:00,"54 km E of Denali National Park, Alaska",1.9,0.7,-150.642,63.593,0,,56
nc75410367,2026-08-03T00:09:40.270000+00:00,"6 km WNW of Cobb, CA",0.69,2.10999989509583,-122.793334960938,38.8358345031738,0,,7
nc75410372,2026-08-03T00:20:40.520000+00:00,"5 km WNW of Cobb, CA",0.16,1.98,-122.782166666667,38.838,0,,0
aka2026pfhnra,2026-08-03T00:25:24.670000+00:00,"93 km N of Yakutat, Alaska",1.7,8.9,-139.405,60.371,0,,44
pr71527168,2026-08-03T00:27:16.300000+00:00,"6 km SE of Pole Ojea, Puerto Rico",2.32,12.05,-67.1458333333333,17.9355,0,,83
pr71527173,2026-08-03T00:29:17.320000+00:00,"62 km NW of San Antonio, Puerto Rico",3.23,8.36,-67.5578333333333,18.8513333333333,0,,161
ci40665402,2026-08-03T00:31:20.560000+00:00,"12 km ESE of Anza, CA",0.62,14.41,-116.5485,33.5323333333333,0,,6
us6000thpi,2026-08-03T00:33:17.167000+00:00,"3 km SSW of L'Ancienne-Lorette, Canada",2.7,10.483,-71.3733,46.7622,0,19.0,117
tx2026pcwupj,2026-08-03T00:42:12.338000+00:00,"30 km SW of Coyanosa, Texas",1.1,5.7922,-103.285,31.038,0,,19
aka2026pficor,2026-08-03T00:42:36.660000+00:00,"111 km SW of Kaktovik, Alaska",1.8,1.7,-145.31,69.318,0,,50
uw714069891,2026-08-03T00:44:46.720000+00:00,"39 km NE of Amboy, Washington",0.66,6.52,-122.159666666667,46.2048333333333,0,,7
av94353743,2026-08-03T00:46:44.680000+00:00,"84 km NNW of Karluk, Alaska",0.59,2.27,-154.952333333333,58.2771666666667,0,,5
ci40665410,2026-08-03T00:56:11.150000+00:00,"19 km ENE of Coachella, CA",1.61,1.53,-115.997333333333,33.7673333333333,0,,40
aka2026pfirfk,2026-08-03T00:59:30.602000+00:00,"58 km WSW of Tatitlek, Alaska",2.2,19.8,-147.616,60.612,0,1.0,75
av94353768,2026-08-03T01:01:31.160000+00:00,"83 km NW of Karluk, Alaska",0.27,2.34,-155.3225,58.1601666666667,0,,1
ci40665418,2026-08-03T01:07:53.910000+00:00,"19 km NE of Thermal, CA",0.87,6.26,-115.9925,33.7576666666667,0,,12
tx2026pcxqua,2026-08-03T01:08:00.074000+00:00,"18 km SW of Jal, New Mexico",1.2,6.4587,-103.302,31.976,0,,22
pr71527188,2026-08-03T01:19:14.340000+00:00,"46 km N of Charlotte Amalie, U.S. Virgin Islands",3.23,18.42,-64.9345,18.76,0,,161
av93065259,2026-08-03T01:21:51.830000+00:00,"26 km W of Dutch Harbor, Alaska",-0.34,6.06,-166.9405,53.8725,0,,0
us6000thps,2026-08-03T01:35:36.242000+00:00,Fiji region,4.3,573.88,-177.452,-19.2678,0,,284
us6000tht1,2026-08-03T01:41:57.922000+00:00,"264 km WSW of Adak, Alaska",3.7,30.783,179.6902,51.231,0,,211
us6000thpt,2026-08-03T01:42:24.824000+00:00,"71 km ESE of Uchiza, Peru",5.2,123.99,-75.836,-8.6087,0,6.0,418
ok2026pbds,2026-08-03T02:03:26.140000+00:00,"6 km S of Amber, Oklahoma",0.68,6.14,-97.867,35.10033333,0,,7
ok2026pbdv,2026-08-03T02:06:42.689000+00:00,"7 km S of Amber, Oklahoma",0.74,7.6,-97.87483333,35.09616667,0,,8
tx2026pczteu,2026-08-03T02:11:22.776000+00:00,"13 km WSW of Stanton, Texas",0.3,8.9111,-101.931,32.096,0,,1
us6000tixx,2026-08-03T02:11:43.713000+00:00,"128 km E of Sulangan, Philippines",4.3,10.0,126.9878,10.7429,0,,284
us6000tixy,2026-08-03T02:24:24.738000+00:00,"208 km W of Abepura, Indonesia",4.3,40.591,138.7572,-2.6837,0,,284
aka2026pflnda,2026-08-03T02:24:46.798000+00:00,"58 km NW of Elfin Cove, Alaska",2.1,4.0,-137.169,58.494,0,,68
nn00922718,2026-08-03T02:27:07.159000+00:00,"32 km SE of Mina, Nevada",1.52,1.2468,-117.8329,38.1939,0,,36
ok2026pbeo,2026-08-03T02:28:27.809000+00:00,"5 km SSE of Amber, Oklahoma",0.96,6.37,-97.85733333,35.11016667,0,,14
nc75410382,2026-08-03T02:37:56.310000+00:00,"6 km NW of Pinnacles, CA",0.66,2.73,-121.194166666667,36.5735,0,,7
aka2026pflzub,2026-08-03T02:39:19.836000+00:00,"70 km SW of Nanwalek, Alaska",1.7,65.2,-152.696,58.866,0,,44
nc75410387,2026-08-03T02:42:48.010000+00:00,"12 km NNE of Angwin, CA",1.26,7.21,-122.380333333333,38.6653333333333,0,,24
av94353893,2026-08-03T02:47:45.540000+00:00,"64 km ENE of Pedro Bay, Alaska",-0.33,0.82,-153.071,60.0391666666667,0,,0
nc75410392,2026-08-03T02:55:03.680000+00:00,"8 km NW of Redwood Valley, CA",1.34,5.08,-123.269,39.3118333333333,0,,28
aka2026pfmthh,2026-08-03T03:01:50.760000+00:00,"7 km NW of Eagle River, Alaska",1.5,30.9,-149.672,61.363,0,,35
aka2026pfmutl,2026-08-03T03:03:31.717000+00:00,"14 km ESE of Denali National Park, Alaska",1.5,5.0,-151.472,63.47,0,,35
us6000thvx,2026-08-03T03:04:48.275000+00:00,"238 km ESE of Attu Station, Alaska",3.8,53.826,176.1899,51.7563,0,,222
us6000tiy0,2026-08-03T03:11:59.221000+00:00,"5 km WNW of Xunchang, China",4.3,10.0,104.6568,28.4656,0,,284
nc75410397,2026-08-03T03:13:58.410000+00:00,"14 km WNW of Templeton, CA",2.68,4.19,-120.86,35.5765,0,1.0,111
nc75410402,2026-08-03T03:22:37.840000+00:00,"9 km WSW of Petrolia, CA",2.59,17.47,-124.378166666667,40.2948333333333,0,,103
nc75006503,2026-08-03T03:23:10.580000+00:00,"7 km NW of The Geysers, CA",1.01,2.54,-122.8055,38.8235,0,,16
uw714070011,2026-08-03T03:24:23.490000+00:00,"39 km NE of Amboy, Washington",0.7,7.04,-122.155833333333,46.2,0,,8
tx2026pdcfri,2026-08-03T03:25:47.202000+00:00,"13 km NE of Jal, New Mexico",0.7,3.833,-103.101,32.209,0,,8
nc75410407,2026-08-03T03:33:21.720000+00:00,"3 km NE of The Geysers, CA",2.0,1.49000000953674,-122.726829528809,38.7929992675781,0,,62
aka2026pfnuvj,2026-08-03T03:33:35.955000+00:00,"78 km NE of Ambler, Alaska",2.0,5.0,-156.641,67.609,0,,62
aka2026pfnykl,2026-08-03T03:37:14.407000+00:00,"151 km SE of Dawson City, Canada",2.7,5.0,-137.173,63.144,0,,112
aka2026pfoabo,2026-08-03T03:39:35.621000+00:00,"74 km SSW of Nikolski, Alaska",2.6,15.8,-169.333,52.331,0,,104
nc75410412,2026-08-03T03:43:39.820000+00:00,"9 km WNW of Cobb, CA",1.47,1.74000000953674,-122.825164794922,38.8413314819336,0,,33
aka2026pfohcu,2026-08-03T03:47:46.857000+00:00,"15 km N of Ninilchik, Alaska",1.7,68.3,-151.693,60.191,0,,44
ci40665434,2026-08-03T03:50:58.910000+00:00,"3 km N of Gardena, CA",2.52,11.15,-118.314,33.918,0,280.0,184
av93065269,2026-08-03T03:51:39.130000+00:00,"94 km WNW of Aleneva, Alaska",0.1,1.36,-154.3615,58.4251666666667,0,,0
tx2026pddclj,2026-08-03T03:52:10.056000+00:00,"13 km ESE of Pearsall, Texas",1.3,5.9273,-98.977,28.823,0,,26
uu80146946,2026-08-03T03:55:19.990000+00:00,"34 km E of West Yellowstone, Montana",0.88,6.45,-110.676,44.6283333333333,0,,12
mb90204128,2026-08-03T04:03:42.420000+00:00,"12 km WNW of Radersburg, Montana",0.63,4.89,-111.7715,46.2521666666667,0,,6
ci40665442,2026-08-03T04:04:56.550000+00:00,"10 km NNW of Anza, CA",0.85,17.55,-116.717833333333,33.6361666666667,0,,11
us6000thw2,2026-08-03T04:10:40.864000+00:00,"64 km SE of Akutan, Alaska",2.5,35.0,-165.1051,53.7047,0,,96
hv75012112,2026-08-03T04:11:15.330000+00:00,"11 km NE of Pāhala, Hawaii",1.76,28.89,-155.399666666667,19.2738333333333,0,,48
av94354043,2026-08-03T04:15:40.260000+00:00,"8 km W of Dutch Harbor, Alaska",0.26,7.95,-166.6655,53.8963333333333,0,,1
ci40665450,2026-08-03T04:18:12.760000+00:00,"11 km ENE of Cabazon, CA",0.88,9.92,-116.685833333333,33.9686666666667,0,,12
aka2026pfpjlo,2026-08-03T04:20:26.707000+00:00,"64 km SSE of Denali National Park, Alaska",2.5,129.3,-151.012,63.063,0,,96
nc75410422,2026-08-03T04:29:48.540000+00:00,"9 km WNW of Cobb, CA",0.33,2.4,-122.824666666667,38.8415,0,,2
uu80146951,2026-08-03T04:29:50.120000+00:00,"2 km NNW of Little America, Wyoming",3.12,0.47,-109.866666666667,41.5633333333333,0,,150
hv75012127,2026-08-03T04:31:23.790000+00:00,"11 km NE of Pāhala, Hawaii",1.87,30.3500003814697,-155.397171020508,19.2701663970947,0,,54
hv75012132,2026-08-03T04:32:09.860000+00:00,"11 km E of Pāhala, Hawaii",1.98,30.34,-155.371666666667,19.1951666666667,0,,60
us6000tht0,2026-08-03T04:32:30.592000+00:00,"24 km NW of Atka, Alaska",3.8,179.188,-174.4531,52.3557,0,,222
aka2026pfprzu,2026-08-03T04:34:22.425000+00:00,"22 km WNW of Salamatof, Alaska",2.1,78.9,-151.702,60.686,0,1.0,68
uw714070041,2026-08-03T04:35:01+00:00,"39 km NE of Amboy, Washington",0.15,6.51,-122.155666666667,46.203,0,,0
ci40665458,2026-08-03T04:47:07.120000+00:00,"20 km SSW of Ocotillo Wells, CA",0.51,10.63,-116.2215,32.9763333333333,0,,4
aka2026pfqgqs,2026-08-03T04:47:12.364000+00:00,"36 km SSE of Denali National Park, Alaska",1.6,6.3,-151.323,63.266,0,,39
aka2026pfqifi,2026-08-03T04:49:00.454000+00:00,"71 km WSW of Nanwalek, Alaska",1.6,80.6,-153.096,59.139,0,,39
aka2026pfqgsd,2026-08-03T04:52:04.747000+00:00,"137 km SE of Akutan, Alaska",2.5,7.5,-164.155,53.362,0,,96
nc75410427,2026-08-03T04:52:37.540000+00:00,"7 km ESE of Cloverdale, CA",0.95,6.4,-122.949833333333,38.7753333333333,0,,14
us6000thqf,2026-08-03T05:00:48.365000+00:00,"15 km SSE of Yibin, China",4.9,10.0,104.7147,28.6312,0,,369
us6000thqe,2026-08-03T05:01:20.270000+00:00,"3 km S of Sánchez, Dominican Republic",4.5,10.0,-69.6133,19.1944,0,31.0,323
nc75410432,2026-08-03T05:02:21.940000+00:00,"6 km WNW of Cobb, CA",0.93,1.98000001907349,-122.787666320801,38.8356666564941,0,,13
av94354118,2026-08-03T05:02:30.230000+00:00,"61 km ENE of Pedro Bay, Alaska",-0.95,3.14,-153.107166666667,60.0136666666667,0,,0
nc75410437,2026-08-03T05:02:46.810000+00:00,"7 km NW of The Geysers, CA",0.23,2.22000002861023,-122.803833007812,38.8261680603027,0,,1
aka2026pfqwtr,2026-08-03T05:05:48.636000+00:00,"27 km ESE of Chase, Alaska",1.7,55.7,-149.576,62.395,0,,44
uw714070051,2026-08-03T05:09:48.100000+00:00,"39 km NE of Amboy, Washington",0.44,7.3,-122.155333333333,46.2056666666667,0,,3
tx2026pdfsfm,2026-08-03T05:10:49.806000+00:00,"16 km ESE of Pearsall, Texas",1.5,8.8926,-98.939,28.824,0,,35
ci40665466,2026-08-03T05:11:07.970000+00:00,"12 km SSE of Anza, CA",0.87,6.53,-116.641166666667,33.4503333333333,0,,12
uw714070061,2026-08-03T05:11:09.730000+00:00,"2 km SSW of Quilcene, Washington",0.4,21.23,-122.890333333333,47.7981666666667,0,,2
ci40665474,2026-08-03T05:15:33.020000+00:00,"26 km SSW of Ocotillo Wells, CA",0.39,11.45,-116.270333333333,32.94,0,,2
nc75410442,2026-08-03T05:18:32.550000+00:00,"7 km W of Cobb, CA",0.89,2.14000010490417,-122.807502746582,38.833667755127,0,,12
nc75410447,2026-08-03T05:26:59.790000+00:00,"7 km NW of The Geysers, CA",1.03,1.60000002384186,-122.817832946777,38.8136672973633,0,,16
us6000thqj,2026-08-03T05:30:17.694000+00:00,"26 km WSW of Urakawa, Japan",4.3,71.54,142.5111,42.0238,0,,284
uu80146956,2026-08-03T05:38:33.760000+00:00,"51 km SSE of Mammoth, Wyoming",1.15,3.57,-110.361833333333,44.5793333333333,0,,20
uu80146961,2026-08-03T05:40:06.150000+00:00,"51 km SSE of Mammoth, Wyoming",1.44,4.99,-110.371333333333,44.5815,0,,32
nc75410452,2026-08-03T05:48:19.660000+00:00,"10 km WNW of Cobb, CA",0.74,1.39999997615814,-122.836669921875,38.8438339233398,0,,8
ci40665482,2026-08-03T05:53:40.560000+00:00,"23 km SSE of Porterville, CA",1.52,9.01,-118.936833333333,35.8715,0,,36
tx2026pdhflj,2026-08-03T05:56:20.214000+00:00,"12 km SE of Pearsall, Texas",1.5,8.2698,-98.986,28.825,0,,35
tx2026pdhhvo,2026-08-03T05:59:09.228000+00:00,"14 km WSW of Stanton, Texas",1.2,8.4717,-101.937,32.101,0,,22
nc75410467,2026-08-03T06:06:57.520000+00:00,"10 km NW of The Geysers, CA",0.36,1.56,-122.8375,38.843,0,,2
us6000thsv,2026-08-03T06:11:11.809000+00:00,"229 km ESE of Attu Station, Alaska",3.8,10.0,176.2088,51.9369,0,,222
tx2026pdhula,2026-08-03T06:13:45.861000+00:00,"19 km SSE of Ackerly, Texas",0.6,8.4961,-101.632,32.369,0,,6
ok2026pbma,2026-08-03T06:14:41.920000+00:00,"8 km NW of Prague, Oklahoma",1.09,6.45,-96.74283333,35.54316667,0,,18
us6000ti65,2026-08-03T06:18:20.926000+00:00,"18 km N of St-Jean-Port-Joli, Canada",2.0,12.066,-70.2778,47.3765,0,,62
tx2026pdibfm,2026-08-03T06:21:37.918000+00:00,"18 km SSE of Ackerly, Texas",0.9,6.7139,-101.646,32.374,0,,12
ci40665490,2026-08-03T06:27:35.570000+00:00,"1 km N of Loma Linda, CA",0.83,16.27,-117.2605,34.0573333333333,0,,11
ci40665498,2026-08-03T06:28:12.390000+00:00,"8 km ESE of Valle Vista, CA",0.31,14.55,-116.821666666667,33.7158333333333,0,,1
tx2026pdijov,2026-08-03T06:31:30.664000+00:00,"12 km SSW of Jal, New Mexico",1.3,0.9521,-103.232,32.008,0,,26
tx2026pdilcr,2026-08-03T06:33:05.486000+00:00,"13 km SE of Pearsall, Texas",1.5,7.1578,-98.993,28.811,0,,35
nc75410527,2026-08-03T06:36:51.200000+00:00,"6 km SW of Mammoth Lakes, CA",0.57,2.49,-119.018666666667,37.5971666666667,0,,5
nc75410482,2026-08-03T06:48:57.150000+00:00,"7 km ESE of Cloverdale, CA",0.6,5.67,-122.950333333333,38.7743333333333,0,,6
us6000thqm,2026-08-03T06:56:35.537000+00:00,"59 km E of La Tirana, Chile",4.0,90.365,-69.093,-20.2539,0,1.0,246
ci40665506,2026-08-03T07:00:06.940000+00:00,"9 km SW of Idyllwild, CA",0.41,15.54,-116.789166666667,33.684,0,,3
nc75410487,2026-08-03T07:10:15.880000+00:00,"2 km NNE of The Geysers, CA",0.3,1.81,-122.750666666667,38.7948333333333,0,,1
mb90204068,2026-08-03T07:19:11.380000+00:00,"25 km S of Ennis, Montana",1.86,11.74,-111.713333333333,45.1213333333333,0,,53
av94354263,2026-08-03T07:24:51.660000+00:00,"83 km NNW of Karluk, Alaska",0.05,3.8,-154.945333333333,58.27,0,,0
tx2026pdkfqq,2026-08-03T07:27:10.059000+00:00,"36 km WSW of Ackerly, Texas",0.5,7.7148,-102.069,32.384,0,,4
aka2026pfvuqh,2026-08-03T07:33:15.577000+00:00,"109 km ENE of Ouzinkie, Alaska",2.2,3.2,-150.831,58.36,0,,74
ci40665514,2026-08-03T07:44:21.390000+00:00,"5 km NNW of Chatsworth, CA",1.65,2.95,-118.633,34.2935,0,,42
nc75410497,2026-08-03T07:46:35.330000+00:00,"7 km ESE of Cloverdale, CA",0.78,5.71,-122.951833333333,38.7728333333333,0,,9
nc75410502,2026-08-03T07:47:16.350000+00:00,"8 km NW of The Geysers, CA",1.09,2.15000009536743,-122.814666748047,38.8310012817383,0,,18
nc75410507,2026-08-03T07:47:48.430000+00:00,"2 km N of The Geysers, CA",0.93,0.860000014305115,-122.757835388184,38.7946662902832,0,,13
ci40665522,2026-08-03T07:50:43.900000+00:00,"19 km SSW of Searles Valley, CA",0.98,-0.3,-117.465833333333,35.6043333333333,0,,15
aka2026pfwpgb,2026-08-03T07:57:02.110000+00:00,"12 km SE of Clam Gulch, Alaska",2.0,65.6,-151.218,60.168,0,1.0,62
nc75410512,2026-08-03T08:05:49.460000+00:00,"6 km NW of Pinnacles, CA",1.14,3.06,-121.1825,36.5705,0,,20
aka2026pfwyet,2026-08-03T08:07:20.934000+00:00,"90 km SSE of Kokhanok, Alaska",1.8,111.6,-153.986,58.731,0,,50
uw714070111,2026-08-03T08:10:42.610000+00:00,"39 km NE of Amboy, Washington",0.37,6.86,-122.151333333333,46.2038333333333,0,,2
uw714070101,2026-08-03T08:11:40.690000+00:00,"0 km WNW of Ashford, Washington",0.35,18.04,-122.043,46.7601666666667,0,,2
nc75410517,2026-08-03T08:14:32.610000+00:00,"5 km NW of Cobb, CA",0.51,1.01,-122.7665,38.8478333333333,0,,4
hv75012187,2026-08-03T08:17:05.860000+00:00,"13 km S of Fern Forest, Hawaii",1.72,7.37,-155.124,19.3396666666667,0,,46
hv75012197,2026-08-03T08:17:06.100000+00:00,"13 km S of Fern Forest, Hawaii",1.9,3.65000009536743,-155.130340576172,19.341833114624,0,,56
aka2026pfxhre,2026-08-03T08:18:15.658000+00:00,"59 km ENE of Pedro Bay, Alaska",3.6,128.1,-153.136,59.998,0,,199
nc75410522,2026-08-03T08:19:11.740000+00:00,"7 km ESE of Cloverdale, CA",1.24,6.54,-122.942,38.7748333333333,0,,24
hv75012202,2026-08-03T08:23:20.450000+00:00,"17 km N of Pāhala, Hawaii",1.71,4.42999982833862,-155.472839355469,19.3643341064453,0,,45
aka2026pfysrm,2026-08-03T09:00:57.943000+00:00,"40 km W of Nanwalek, Alaska",1.7,78.2,-152.624,59.367,0,,44
nc75410532,2026-08-03T09:02:35.700000+00:00,"7 km SE of Cloverdale, CA",1.68,4.5,-122.952666666667,38.7718333333333,0,,43
nc75410537,2026-08-03T09:03:21.520000+00:00,"6 km SE of Cloverdale, CA",1.0,6.38,-122.9625,38.7743333333333,0,,15
aka2026pfywaa,2026-08-03T09:04:48.597000+00:00,"75 km ENE of Ruby, Alaska",1.6,6.3,-154.09,65.069,0,,39
nc75410542,2026-08-03T09:06:12.830000+00:00,"6 km SE of Cloverdale, CA",1.2,4.67,-122.955833333333,38.7721666666667,0,,22
aka2026pfyxsl,2026-08-03T09:06:40.220000+00:00,"75 km NW of Ninilchik, Alaska",1.3,111.7,-152.672,60.503,0,,26
aka2026pfzbrd,2026-08-03T09:11:11.928000+00:00,"85 km SW of Atka, Alaska",2.6,20.9,-174.966,51.593,0,,104
tx2026pdnxpg,2026-08-03T09:18:39.252000+00:00,"57 km S of Whites City, New Mexico",1.6,8.2019,-104.377,31.657,0,,39
us6000thr2,2026-08-03T09:19:09.853000+00:00,"142 km WSW of Puerto Madero, Mexico",4.5,10.0,-93.5342,14.0227,0,,312
ci40665530,2026-08-03T09:20:20.460000+00:00,"8 km WNW of Camp Pendleton South, CA",1.12,15.37,-117.454166666667,33.2545,0,,19
aka2026pfzjrj,2026-08-03T09:20:34.270000+00:00,"54 km E of Denali National Park, Alaska",2.0,0.1,-150.627,63.594,0,,62
tx2026pdobes,2026-08-03T09:22:38.284000+00:00,"33 km WSW of Ackerly, Texas",0.6,6.3721,-102.055,32.42,0,,6
tx2026pdobic,2026-08-03T09:22:51.597000+00:00,"56 km S of Whites City, New Mexico",1.6,6.7407,-104.374,31.669,0,,39
mb90204138,2026-08-03T09:30:22.160000+00:00,"36 km NNE of Ovando, Montana",1.05,5.01,-113.031833333333,47.341,0,,17
nc75410547,2026-08-03T09:31:02.040000+00:00,"3 km SE of The Geysers, CA",0.34,1.6,-122.728833333333,38.7578333333333,0,,2
uu80146971,2026-08-03T09:36:32.960000+00:00,"14 km NE of Milford, Utah",0.73,3.59,-112.905666666667,38.4921666666667,0,,8
nc75410557,2026-08-03T09:44:59.640000+00:00,"3 km SSW of Anderson Springs, CA",0.97,1.35000002384186,-122.700836181641,38.7456665039062,0,,14
nc75410562,2026-08-03T09:45:19.350000+00:00,"3 km SSW of Anderson Springs, CA",1.38,1.86000001430511,-122.703002929688,38.748664855957,0,,29
nc75410567,2026-08-03T09:45:30.130000+00:00,"3 km SSW of Anderson Springs, CA",0.77,1.61,-122.7025,38.7493333333333,0,,9
us6000thr3,2026-08-03T09:50:34.561000+00:00,"210 km SSW of Severo-Kuril’sk, Russia",4.4,78.458,154.9468,48.9434,0,,298
nc75410572,2026-08-03T10:03:25.810000+00:00,"8 km WNW of The Geysers, CA",0.34,1.76999998092651,-122.834335327148,38.8168334960938,0,,2
nc75410577,2026-08-03T10:03:50.220000+00:00,"5 km WNW of The Geysers, CA",0.28,3.29,-122.805666666667,38.7941666666667,0,,1
aka2026pgayjs,2026-08-03T10:07:31.233000+00:00,"7 km SSE of Ninilchik, Alaska",1.7,61.5,-151.623,59.988,0,,44
aka2026pgayry,2026-08-03T10:07:53.318000+00:00,"24 km SE of Livengood, Alaska",1.8,9.8,-148.128,65.387,0,,50
ci40665538,2026-08-03T10:08:33.190000+00:00,"14 km ESE of Pine Valley, CA",1.6,12.62,-116.382666666667,32.7883333333333,0,,39
nc75410582,2026-08-03T10:08:47.210000+00:00,"22 km SW of New Idria, CA",0.84,6.42,-120.862333333333,36.2915,0,,11
us6000thr7,2026-08-03T10:17:26.492000+00:00,"167 km ESE of Ozernovskiy, Russia",4.4,38.235,158.846,51.1598,0,,298
aka2026pgbixe,2026-08-03T10:19:50.574000+00:00,"8 km NNE of Sand Point, Alaska",2.4,81.1,-160.465,55.411,0,,89
hv75012217,2026-08-03T10:20:08.520000+00:00,"3 km SSW of Pāhala, Hawaii",1.99,31.42,-155.493666666667,19.1766666666667,0,,61
tx2026pdpzbh,2026-08-03T10:21:14.598000+00:00,"19 km NW of Stanton, Texas",0.8,9.5459,-101.954,32.235,0,,10
hv75012222,2026-08-03T10:28:45.640000+00:00,"42 km ESE of Naalehu, Hawaii",1.84,10.1000003814697,-155.240493774414,18.8548336029053,0,,52
pr71527238,2026-08-03T10:31:36.350000+00:00,"1 km ENE of Magas Arriba, Puerto Rico",2.84,13.23,-66.7546666666667,18.0238333333333,0,,124
us6000thra,2026-08-03T10:45:22.454000+00:00,Fiji region,4.9,10.0,-176.5648,-17.2428,0,,369
aka2026pgchsf,2026-08-03T10:48:15.708000+00:00,"59 km SSW of Nikolai, Alaska",2.0,5.0,-154.85,62.53,0,,62
aka2026pgcjwd,2026-08-03T10:50:45.238000+00:00,"27 km NW of Beluga, Alaska",2.2,77.0,-151.489,61.293,0,,74
av94354513,2026-08-03T10:54:06.710000+00:00,"74 km NE of Nikolski, Alaska",0.65,12.38,-168.118333333333,53.4395,0,,6
us6000thrb,2026-08-03T10:55:35.633000+00:00,"88 km WSW of San Antonio de los Cobres, Argentina",4.6,182.541,-67.1352,-24.4954,0,,326
pr71527253,2026-08-03T11:02:32.040000+00:00,"3 km ENE of La Parguera, Puerto Rico",2.4,8.16,-67.0101666666667,17.9838333333333,0,,89
tx2026pdrltx,2026-08-03T11:06:33.303000+00:00,"20 km NW of Stanton, Texas",1.0,8.5205,-101.958,32.24,0,,15
us6000thre,2026-08-03T11:26:43.809000+00:00,"80 km S of Severo-Kuril’sk, Russia",4.9,70.241,155.9708,49.9613,0,,369
uw714070161,2026-08-03T11:31:36.380000+00:00,"3 km NNW of Suquamish, Washington",0.97,23.79,-122.5695,47.7558333333333,0,,14
nc75410587,2026-08-03T11:35:04.510000+00:00,"6 km WNW of Cobb, CA",1.59,2.0,-122.793663024902,38.8344993591309,0,,39
tx2026pdsvji,2026-08-03T11:46:49.293000+00:00,"13 km SE of Pearsall, Texas",1.9,7.9417,-98.99,28.818,0,,56
nc75410592,2026-08-03T11:55:50.030000+00:00,"2 km N of The Geysers, CA",0.65,2.28999996185303,-122.753829956055,38.7953338623047,0,,6
ci40665546,2026-08-03T11:56:58.050000+00:00,"15 km NE of Little Lake, CA",0.2,2.01,-117.774333333333,36.0225,0,,1
nc75410597,2026-08-03T12:03:42.770000+00:00,"15 km SW of Toms Place, CA",0.73,2.4,-118.811,37.4725,0,,8
aka2026pgeytv,2026-08-03T12:07:54.836000+00:00,"109 km SW of Kaktovik, Alaska",2.5,5.0,-145.366,69.36,0,,96
av94354638,2026-08-03T12:07:57.050000+00:00,"80 km NNW of Karluk, Alaska",0.36,5.69,-154.891166666667,58.2548333333333,0,,2
tx2026pdtnun,2026-08-03T12:08:06.252000+00:00,"14 km WSW of Stanton, Texas",0.6,7.5928,-101.941,32.099,0,,6
tx2026pdtrox,2026-08-03T12:12:33.796000+00:00,"15 km WSW of Stanton, Texas",0.6,8.3496,-101.942,32.086,0,,6
nc75410607,2026-08-03T12:13:50.410000+00:00,"1 km E of Pacheco, CA",1.32,12.46,-122.062166666667,37.9821666666667,0,,27
pr71527283,2026-08-03T12:16:37.480000+00:00,"43 km N of Charlotte Amalie, U.S. Virgin Islands",2.92,18.3,-64.9378333333333,18.7386666666667,0,,131
aka2026pgfgwt,2026-08-03T12:17:18.870000+00:00,"14 km N of Ninilchik, Alaska",1.7,74.0,-151.706,60.177,0,,44
pr71527273,2026-08-03T12:18:38.320000+00:00,"44 km N of Charlotte Amalie, U.S. Virgin Islands",2.87,22.91,-64.932,18.7398333333333,0,,127
pr71527288,2026-08-03T12:24:20.890000+00:00,"20 km S of Cruz Bay, U.S. Virgin Islands",3.09,43.64,-64.7966666666667,18.1465,0,,147
hv75012252,2026-08-03T12:31:03.570000+00:00,"48 km SE of Naalehu, Hawaii",2.64,1.03,-155.196666666667,18.823,0,,107
nc75410612,2026-08-03T12:33:27.620000+00:00,"3 km SE of The Geysers, CA",0.35,1.36,-122.733166666667,38.7635,0,,2
aka2026pgfvkz,2026-08-03T12:34:16.625000+00:00,"36 km SE of Denali National Park, Alaska",1.9,4.4,-151.275,63.286,0,,56
aka2026pgfxdj,2026-08-03T12:35:55.259000+00:00,"86 km SE of Unalaska, Alaska",2.5,20.2,-165.579,53.347,0,,96
aka2026pggbab,2026-08-03T12:40:29.603000+00:00,"24 km SE of False Pass, Alaska",2.6,5.0,-163.107,54.722,0,,104
nc75410617,2026-08-03T12:40:38.840000+00:00,"10 km NW of The Geysers, CA",1.37,2.0,-122.852836608887,38.8288345336914,0,,29
tx2026pdvdud,2026-08-03T12:58:29.957000+00:00,"14 km ESE of Lindsay, Texas",1.5,2.511,-103.399,31.307,0,,35
uw714070181,2026-08-03T13:04:12.160000+00:00,"18 km NE of Ashford, Washington",0.28,-0.48,-121.835166666667,46.8605,0,,1
tx2026pdvkyl,2026-08-03T13:05:10.880000+00:00,"12 km SE of Pearsall, Texas",2.0,7.4748,-98.99,28.822,0,,62
tx2026pdvmmm,2026-08-03T13:06:55.930000+00:00,"5 km SSE of Pearsall, Texas",1.4,7.6028,-99.074,28.851,0,,30
nc75410622,2026-08-03T13:07:21.140000+00:00,"42 km W of Petrolia, CA",2.35,16.9,-124.784333333333,40.3281666666667,0,,85
us6000thrs,2026-08-03T13:14:04.672000+00:00,"106 km NW of Gizo, Solomon Islands",4.8,60.338,156.1457,-7.4377,0,,354
aka2026pghflm,2026-08-03T13:15:34.827000+00:00,"33 km ESE of Minto, Alaska",2.0,11.9,-148.684,65.056,0,,62
ci40665562,2026-08-03T13:15:59.560000+00:00,"5 km SW of Warner Springs, CA",0.57,11.05,-116.666333333333,33.2433333333333,0,,5
nn00922723,2026-08-03T13:16:30.096000+00:00,"17 km NNW of Indian Springs, Nevada",1.82,2.7377,-115.7517,36.7172,0,,51
av93065309,2026-08-03T13:44:03+00:00,"66 km NE of Nikolski, Alaska",0.84,4.13,-168.198666666667,53.3848333333333,0,,11
ci40665570,2026-08-03T13:57:38.060000+00:00,"5 km N of Santa Ana, CA",1.04,2.03,-117.883,33.7813333333333,0,,17
nc75410627,2026-08-03T13:58:01.270000+00:00,"9 km WNW of Cobb, CA",0.72,1.54999995231628,-122.825836181641,38.8434982299805,0,,8
nc75410632,2026-08-03T13:58:06.820000+00:00,"7 km ESE of Cloverdale, CA",0.96,4.66,-122.951666666667,38.7723333333333,0,,14
tx2026pdxmed,2026-08-03T14:06:57.630000+00:00,"54 km S of Whites City, New Mexico",1.6,8.4711,-104.364,31.685,0,,39
ci40665578,2026-08-03T14:23:11.100000+00:00,"16 km WNW of Progreso, B.C., MX",1.57,7.24,-115.739833333333,32.6463333333333,0,,38
aka2026pgjqhh,2026-08-03T14:27:43.214000+00:00,"74 km SSE of Yakutat, Alaska",3.2,8.1,-139.425,58.897,0,,158
us6000tiyc,2026-08-03T14:34:08.018000+00:00,"87 km W of Macabuboni, Philippines",4.1,11.576,118.9775,16.3372,0,,259
us6000ths2,2026-08-03T14:39:44.688000+00:00,"70 km SSE of Shikotan, Russia",4.7,35.0,146.9239,43.1851,0,,340
nc75410657,2026-08-03T14:47:35.040000+00:00,"10 km ESE of Gilroy, CA",0.9,6.25,-121.461333333333,36.9793333333333,0,,12
aka2026pgkmga,2026-08-03T14:53:23.836000+00:00,"45 km NW of Nikiski, Alaska",1.6,89.4,-151.975,60.926,0,,39
us6000thsp,2026-08-03T14:56:34.710000+00:00,"230 km ESE of Attu Station, Alaska",3.8,10.774,176.2191,51.9247,0,,222
av94354863,2026-08-03T14:58:45.820000+00:00,"86 km NNW of Karluk, Alaska",0.42,2.8,-154.9885,58.2881666666667,0,,3
nc75410672,2026-08-03T15:05:34.960000+00:00,"7 km WNW of Cobb, CA",0.71,2.02999997138977,-122.800834655762,38.8366661071777,0,,8
aka2026pglaid,2026-08-03T15:09:37.791000+00:00,"37 km SSE of Denali National Park, Alaska",2.3,5.0,-151.337,63.256,0,,81
tx2026pdzugf,2026-08-03T15:16:37.642000+00:00,"13 km SE of Pearsall, Texas",1.8,8.655,-98.998,28.809,0,,50
us6000tiye,2026-08-03T15:25:51.337000+00:00,"266 km S of Dunhuang, China",4.4,10.0,95.2601,37.8125,0,,298
ci40665626,2026-08-03T15:31:44.510000+00:00,"6 km SW of Calimesa, CA",1.4,15.27,-117.097333333333,33.946,0,,30
us6000tiyd,2026-08-03T15:36:19.671000+00:00,"249 km E of Levuka, Fiji",4.3,556.14,-178.324,-18.0281,0,,284
ci40665634,2026-08-03T15:50:25.920000+00:00,"7 km N of Beaumont, CA",2.11,9.5,-116.9755,33.992,0,,68
uu80146976,2026-08-03T15:52:57.460000+00:00,"7 km WNW of Bennington, Idaho",2.19,2.74,-111.4085,42.4123333333333,0,,74
us6000ths9,2026-08-03T15:54:05.807000+00:00,"122 km E of Miyako, Japan",4.5,35.0,143.3705,39.7187,0,,312
nc75410687,2026-08-03T16:00:04.360000+00:00,"7 km NW of The Geysers, CA",0.89,2.3199999332428,-122.822830200195,38.8128318786621,0,,12
nn00922725,2026-08-03T16:03:25.696000+00:00,"17 km NNW of Indian Springs, Nevada",2.33,4.9136,-115.7533,36.7116,0,,84
us6000thxg,2026-08-03T16:07:41.573000+00:00,"36 km SSW of Ivanof Bay, Alaska",2.6,38.172,-159.7533,55.6122,0,,104
hv75012317,2026-08-03T16:09:37.590000+00:00,"11 km NE of Pāhala, Hawaii",1.8,30.0,-155.389831542969,19.2604999542236,0,,50
aka2026pgnepj,2026-08-03T16:14:37.742000+00:00,"59 km WNW of Anchor Point, Alaska",1.7,109.1,-152.859,59.897,0,,44
tx2026pebujg,2026-08-03T16:17:27.491000+00:00,"60 km SSW of Whites City, New Mexico",1.6,7.0355,-104.53,31.644,0,,39
av93065324,2026-08-03T16:28:19.890000+00:00,"23 km W of Sitka, Alaska",-0.62,7.22,-135.713666666667,57.0325,0,,0
aka2026pgntrq,2026-08-03T16:32:04.333000+00:00,"8 km W of Ninilchik, Alaska",1.7,58.9,-151.814,60.051,0,,44
us6000thsn,2026-08-03T16:36:47.304000+00:00,"245 km ESE of Attu Station, Alaska",3.3,10.0,176.5045,51.9737,0,,168
tx2026pecmnn,2026-08-03T16:38:14.731000+00:00,"32 km SE of Malaga, New Mexico",1.2,8.8684,-103.878,31.985,0,,22
aka2026pgochz,2026-08-03T16:41:52.210000+00:00,"56 km WSW of Denali Park, Alaska",1.9,143.0,-150.016,63.617,0,,56
ci40665650,2026-08-03T16:45:01.430000+00:00,"23 km WSW of Westmorland, CA",1.41,9.86,-115.849666666667,32.9581666666667,0,,31
av94355063,2026-08-03T16:45:58.990000+00:00,"78 km NW of Karluk, Alaska",0.59,2.37,-155.333666666667,58.0945,0,,5
tx2026pectkv,2026-08-03T16:48:04.753000+00:00,"15 km W of Stanton, Texas",0.7,8.9111,-101.954,32.103,0,,8
nc75410707,2026-08-03T16:52:15.940000+00:00,"3 km ESE of Pacifica, CA",0.78,8.14,-122.462666666667,37.602,0,,9
us6000thxj,2026-08-03T16:57:45.671000+00:00,"231 km ESE of Attu Station, Alaska",3.4,10.0,176.2728,51.9704,0,,178
tx2026pedlyd,2026-08-03T17:07:41.151000+00:00,"34 km WSW of Ackerly, Texas",0.4,8.8135,-102.055,32.418,0,,2
pr71527338,2026-08-03T17:09:03.450000+00:00,"3 km NW of Guayanilla, Puerto Rico",2.17,14.68,-66.8093333333333,18.0418333333333,0,,72
nc75410712,2026-08-03T17:11:10.750000+00:00,"8 km ENE of Alum Rock, CA",0.53,5.88,-121.743833333333,37.3856666666667,0,,4
aka2026pgpemh,2026-08-03T17:14:21.740000+00:00,"8 km N of Susitna North, Alaska",1.6,12.1,-149.882,62.24,0,,39
tx2026pedtmg,2026-08-03T17:16:24.305000+00:00,"13 km ESE of Pearsall, Texas",2.5,8.2857,-98.971,28.845,0,,96
aka2026pgpsub,2026-08-03T17:30:50.867000+00:00,"72 km WNW of Aleneva, Alaska",1.5,85.5,-154.104,58.234,0,,35
tx2026peeglk,2026-08-03T17:31:30.991000+00:00,"24 km SSW of Westbrook, Texas",2.1,9.4238,-101.081,32.141,0,,68
nc75410727,2026-08-03T17:34:58.540000+00:00,"9 km WNW of Cobb, CA",0.34,1.8,-122.8245,38.8425,0,,2
uu80146991,2026-08-03T17:35:12.130000+00:00,"37 km SE of West Yellowstone, Montana",0.93,5.23,-110.816666666667,44.3991666666667,0,,13
ci40665666,2026-08-03T17:36:20.820000+00:00,"10 km NNW of Anza, CA",0.53,16.96,-116.709666666667,33.6426666666667,0,,4
us6000tiyf,2026-08-03T17:37:35.100000+00:00,"14 km NW of Kirakira, Solomon Islands",4.2,65.728,161.8315,-10.3591,0,,271
av93065329,2026-08-03T17:41:32.480000+00:00,"25 km N of Atka, Alaska",0.31,4.48,-174.153333333333,52.4235,0,,1
